"","CNPJ_CIA","DT_REFER","ID_DOC","VERSAO","stock.type","qtd.issue"
"1","00.000.000/0001-91",2021-01-01,105911,2,"ON",2865417926.37418
"2","00.000.208/0001-00",2021-01-01,105792,2,"ON",279949523.809524
"3","00.001.180/0001-26",2021-01-01,105907,2,"ON",1288842580.69816
"4","00.070.698/0001-11",2021-01-01,105826,2,"ON",7184178.46879241
"5","00.192.769/0001-59",2021-01-01,105168,1,"ON",0
"6","00.272.185/0001-93",2021-01-01,105336,1,"ON",0
"7","00.336.701/0001-04",2021-01-01,105072,1,"ON",49460600.5750186
"8","00.359.742/0001-08",2021-01-01,105315,1,"ON",20898994.593029
"9","00.383.281/0001-09",2021-01-01,105723,2,"ON",0
"10","00.389.481/0001-79",2021-01-01,105304,1,"ON",0
"11","00.416.968/0001-01",2021-01-01,105939,2,"ON",1468340572.03732
"12","00.545.378/0001-70",2021-01-01,105553,2,"ON",29188116
"13","00.622.416/0001-41",2021-01-01,105128,1,"ON",0
"14","00.644.907/0001-93",2021-01-01,105249,1,"ON",786473019.163082
"15","00.743.065/0001-27",2021-01-01,104808,1,"ON",0
"16","00.776.574/0001-56",2021-01-01,105519,1,"ON",560085758.313518
"17","00.864.214/0001-06",2021-01-01,105578,1,"ON",755945335.144928
"18","00.897.864/0001-58",2021-01-01,104591,2,"ON",2e+05
"19","00.924.429/0001-75",2021-01-01,105056,1,"ON",129411764.705882
"20","00.938.574/0001-05",2021-01-01,105313,1,"ON",48786
"21","00.974.211/0001-25",2021-01-01,105382,1,"ON",0
"22","00.979.969/0001-56",2021-01-01,103284,1,"ON",0
"23","01.027.058/0001-91",2021-01-01,105293,1,"ON",2716837748.39154
"24","01.083.200/0001-18",2021-01-01,104655,1,"ON",1213814337.64022
"25","01.104.937/0001-70",2021-01-01,105268,1,"ON",11761724.9846532
"26","01.107.327/0001-20",2021-01-01,105575,1,"ON",0
"27","01.258.944/0001-26",2021-01-01,105394,1,"ON",0
"28","01.319.044/0001-41",2021-01-01,103915,1,"ON",100
"29","01.417.222/0001-77",2021-01-01,105332,1,"ON",188332647.280653
"30","01.468.594/0001-22",2021-01-01,105542,3,"ON",0
"31","01.543.032/0001-04",2021-01-01,105886,3,"ON",283394444.444444
"32","01.545.826/0001-07",2021-01-01,105674,1,"ON",119999999.390905
"33","01.548.981/0001-79",2021-01-01,105863,2,"ON",792108.274866896
"34","01.599.101/0001-93",2021-01-01,105860,5,"ON",137534174.291709
"35","01.616.929/0001-02",2021-01-01,105289,1,"ON",0
"36","01.838.723/0001-27",2021-01-01,105935,2,"ON",812473249.00942
"37","01.851.771/0001-55",2021-01-01,104991,1,"ON",0
"38","01.896.779/0001-38",2021-01-01,105110,1,"ON",41793464.09727
"39","01.917.818/0001-36",2021-01-01,105142,1,"ON",0
"40","01.938.783/0001-11",2021-01-01,105992,2,"ON",6425383.55850698
"41","01.957.772/0001-89",2021-01-01,105881,2,"ON",0
"42","01.971.614/0001-83",2021-01-01,105993,2,"ON",1025402.63543192
"43","01.989.044/0001-59",2021-01-01,103950,1,"ON",1000
"44","02.016.440/0001-62",2021-01-01,104859,1,"ON",0
"45","02.062.747/0001-08",2021-01-01,104993,1,"ON",0
"46","02.105.040/0001-23",2021-04-01,105031,1,"ON",41649.0002363862
"47","02.105.040/0001-23",2021-12-31,100560,1,"ON",41649.0002363862
"48","02.149.205/0001-69",2021-01-01,105007,1,"ON",323293034.67522
"49","02.162.616/0001-94",2021-01-01,104696,1,"ON",0
"50","02.193.750/0001-52",2021-01-01,105919,2,"ON",31337826.733106
"51","02.201.787/0001-85",2021-01-01,105190,1,"ON",2609026.0902609
"52","02.217.319/0001-07",2021-01-01,105344,1,"ON",0
"53","02.221.531/0001-30",2021-01-01,105752,2,"ON",0
"54","02.281.836/0001-37",2021-01-01,104982,1,"ON",0
"55","02.286.479/0001-08",2021-01-01,105646,1,"ON",0
"56","02.291.077/0001-93",2021-01-01,103648,2,"ON",1e+05
"57","02.302.100/0001-06",2021-01-01,105894,2,"ON",39091735037
"58","02.302.101/0001-42",2021-01-01,105379,1,"ON",14705093.8337802
"59","02.318.346/0001-68",2021-01-01,104994,1,"ON",0
"60","02.328.280/0001-97",2021-01-01,104719,2,"ON",91881325.5873434
"61","02.351.144/0001-18",2021-01-01,105357,1,"ON",66002846.2411055
"62","02.351.877/0001-52",2021-01-01,104933,1,"ON",585461772.457593
"63","02.357.251/0001-53",2021-01-01,105175,1,"ON",0
"64","02.365.069/0001-44",2021-01-01,103209,1,"ON",78448304.8561151
"65","02.382.073/0001-10",2021-01-01,105833,2,"ON",0
"66","02.387.241/0001-60",2021-01-01,105799,2,"ON",1854592196.12628
"67","02.397.080/0001-96",2021-01-01,104715,2,"ON",0
"68","02.415.408/0001-50",2021-01-01,105091,1,"ON",0
"69","02.421.421/0001-11",2021-01-01,105747,2,"ON",2420804416.33154
"70","02.429.144/0001-93",2021-01-01,104864,1,"ON",1152440380.6016
"71","02.451.848/0001-62",2021-01-01,104992,1,"ON",0
"72","02.474.103/0001-19",2021-01-01,105229,1,"ON",815927749.644071
"73","02.502.844/0001-66",2021-01-01,105683,1,"ON",0
"74","02.509.186/0001-34",2021-01-01,105758,1,"ON",610000
"75","02.509.491/0001-26",2021-01-01,105947,2,"ON",0
"76","02.558.157/0001-62",2021-01-01,105925,2,"ON",2070100498.9508
"77","02.635.522/0001-95",2021-03-31,104794,8,"ON",295886167.635659
"78","02.643.896/0001-52",2021-01-01,105291,1,"ON",0
"79","02.664.042/0001-52",2021-01-01,104907,1,"ON",0
"80","02.682.287/0001-02",2021-01-01,105657,1,"ON",11000
"81","02.724.983/0001-34",2021-01-01,105061,1,"ON",0
"82","02.762.113/0001-50",2021-01-01,105702,2,"ON",0
"83","02.762.121/0001-04",2021-01-01,105905,2,"ON",862478382.281615
"84","02.762.124/0001-30",2021-01-01,104995,1,"ON",1
"85","02.773.542/0001-22",2021-01-01,105407,2,"ON",0
"86","02.783.423/0001-50",2021-01-01,105727,1,"ON",36218984
"87","02.796.775/0001-40",2021-01-01,104999,1,"ON",0
"88","02.800.026/0001-40",2021-01-01,105274,1,"ON",1876606212.83487
"89","02.846.056/0001-97",2021-01-01,105822,2,"ON",2020000009.41477
"90","02.860.694/0001-62",2021-01-01,105647,1,"ON",67412629.995763
"91","02.916.265/0001-60",2021-01-01,105565,1,"ON",2511135763.69713
"92","02.919.555/0001-67",2021-01-01,104959,1,"ON",0
"93","02.932.074/0001-91",2021-01-01,105378,1,"ON",632570443.932412
"94","02.950.811/0001-89",2021-01-01,106024,3,"ON",56133457
"95","02.992.449/0001-09",2021-01-01,105000,1,"ON",0
"96","02.998.301/0001-81",2021-01-01,104778,1,"ON",31599574.4680851
"97","02.998.611/0001-04",2021-01-01,105116,1,"ON",257937726.872646
"98","03.014.553/0001-91",2021-01-01,105460,1,"ON",176000000.094831
"99","03.025.305/0001-46",2021-01-01,105759,1,"ON",74220000
"100","03.207.703/0001-83",2021-01-01,105206,2,"ON",0
"101","03.220.438/0001-73",2021-01-01,105832,2,"ON",1010511085
"102","03.303.999/0001-36",2021-01-01,104554,1,"ON",10680685.8008904
"103","03.342.704/0001-30",2021-01-01,105809,7,"ON",248323629.640071
"104","03.378.521/0001-75",2021-01-01,105145,1,"ON",372555324
"105","03.467.321/0001-99",2021-01-01,105583,1,"ON",75572310.3448276
"106","03.538.833/0001-07",2021-01-01,105004,1,"ON",0
"107","03.758.318/0001-24",2021-01-01,105967,2,"ON",143057124
"108","03.767.538/0001-14",2021-01-01,105667,2,"ON",0
"109","03.795.050/0001-09",2021-01-01,105906,2,"ON",0
"110","03.818.379/0001-30",2021-01-01,105277,1,"ON",0
"111","03.847.461/0001-92",2021-01-01,105964,2,"ON",122171176.243558
"112","03.853.896/0001-40",2021-01-01,104787,1,"ON",711369912.751505
"113","03.953.509/0001-47",2021-01-01,104865,1,"ON",0
"114","03.983.431/0001-03",2021-01-01,105246,1,"ON",606850388.951119
"115","04.030.182/0001-02",2021-01-01,103691,1,"ON",2458000
"116","04.031.213/0001-31",2021-01-01,103696,1,"ON",703211
"117","04.032.433/0001-80",2021-01-01,105668,1,"ON",24788845.6613809
"118","04.038.763/0001-82",2021-01-01,103707,2,"ON",0
"119","04.065.791/0001-99",2021-01-01,105070,1,"ON",70549406.3386944
"120","04.069.709/0001-02",2021-01-01,105797,2,"ON",132452493.540052
"121","04.089.570/0001-50",2021-01-01,104911,1,"ON",0
"122","04.128.563/0001-10",2021-01-01,105316,1,"ON",0
"123","04.149.454/0001-80",2021-01-01,105882,6,"ON",558693500.356056
"124","04.172.213/0001-51",2021-01-01,104860,1,"ON",0
"125","04.200.649/0001-07",2021-01-01,104736,2,"ON",820000
"126","04.233.319/0001-18",2021-01-01,105136,1,"ON",0
"127","04.370.282/0001-70",2021-01-01,105272,1,"ON",0
"128","04.423.567/0001-21",2021-01-01,105475,1,"ON",1265254083.1442
"129","04.437.534/0001-30",2021-01-01,105546,1,"ON",0
"130","04.739.720/0001-24",2021-01-01,105240,1,"ON",0
"131","04.752.991/0001-10",2021-01-01,105878,3,"ON",67716246.8209653
"132","04.821.041/0001-08",2021-01-01,105642,1,"ON",4106476.7063922
"133","04.895.728/0001-80",2021-01-01,105601,1,"ON",2209148524.09639
"134","04.902.979/0001-44",2021-01-01,105353,1,"ON",29698357.1428571
"135","04.912.242/0001-02",2021-01-01,104814,1,"ON",29888.0226998262
"136","04.913.711/0001-08",2021-01-01,105811,4,"ON",9522918.61552853
"137","04.986.320/0001-13",2021-01-01,105421,1,"ON",128733728.974177
"138","04.992.714/0001-84",2021-01-01,105140,1,"ON",0
"139","05.197.443/0001-38",2021-01-01,105764,7,"ON",3891569720.53567
"140","05.336.882/0001-84",2021-01-01,105071,1,"ON",76281111
"141","05.721.735/0001-28",2021-01-01,106044,7,"ON",72736308.6936309
"142","05.730.375/0001-20",2021-01-01,105959,2,"ON",124158952.022665
"143","05.799.312/0001-20",2021-01-01,105526,1,"ON",21787091.0028201
"144","05.878.397/0001-32",2021-01-01,106003,2,"ON",265772780.743491
"145","05.889.284/0001-32",2021-01-01,104949,1,"ON",0
"146","05.917.486/0001-40",2021-01-01,104526,2,"ON",0
"147","06.016.348/0001-53",2021-01-01,105221,1,"ON",0
"148","06.047.087/0001-39",2021-01-01,105825,4,"ON",2010380354.55626
"149","06.057.223/0001-71",2021-01-01,106016,2,"ON",269681889.937534
"150","06.164.253/0001-87",2021-01-01,105743,2,"ON",0
"151","06.272.793/0001-84",2021-01-01,105599,1,"ON",161303708.381171
"152","06.347.409/0001-65",2021-01-01,105629,1,"ON",0
"153","06.626.253/0001-51",2021-01-01,105473,1,"ON",443778677.462888
"154","06.948.969/0001-75",2021-01-01,105044,1,"ON",187121110.841914
"155","06.977.745/0001-91",2021-01-01,105093,1,"ON",873144936.925003
"156","06.977.751/0001-49",2021-01-01,104786,1,"ON",491510029.735421
"157","06.981.176/0001-58",2021-01-01,105398,2,"ON",0
"158","06.981.180/0001-16",2021-01-01,105387,2,"ON",0
"159","06.981.381/0001-13",2021-03-31,99839,3,"ON",0
"160","07.040.108/0001-57",2021-01-01,104751,1,"ON",183559805.60812
"161","07.043.628/0001-13",2021-01-01,105295,1,"ON",0
"162","07.047.251/0001-70",2021-01-01,105880,2,"ON",48067928.7571777
"163","07.119.838/0001-48",2021-01-01,105330,1,"ON",0
"164","07.206.816/0001-15",2021-01-01,105725,2,"ON",338999997.309822
"165","07.237.373/0001-20",2021-01-01,106025,3,"ON",86510845.0704225
"166","07.253.321/0001-47",2021-01-01,105092,1,"ON",221428.571428571
"167","07.275.159/0001-68",2021-01-01,104187,1,"ON",496425.170772097
"168","07.282.377/0001-20",2021-01-01,106035,2,"ON",97466.6666666667
"169","07.334.600/0001-35",2021-01-01,104809,1,"ON",0
"170","07.401.436/0001-31",2021-01-01,105515,1,"ON",1525558419
"171","07.415.333/0001-20",2021-01-01,105386,1,"ON",206510203.119333
"172","07.437.016/0001-05",2021-01-01,105320,1,"ON",0
"173","07.526.557/0001-00",2021-01-01,105981,2,"ON",15739433730.5887
"174","07.587.384/0001-30",2021-01-01,104687,1,"ON",0
"175","07.594.978/0001-78",2021-01-01,104588,1,"ON",0
"176","07.628.528/0001-59",2021-06-30,104837,8,"ON",82104053.5397107
"177","07.659.538/0001-51",2021-01-01,104828,2,"ON",334424444
"178","07.689.002/0001-89",2021-01-01,105292,1,"ON",740467132.719098
"179","07.718.269/0001-57",2021-01-01,104765,1,"ON",49995395.2870549
"180","07.816.890/0001-53",2021-01-01,103262,1,"ON",565365775.34586
"181","07.820.907/0001-46",2021-01-01,104876,1,"ON",2422151.76064831
"182","07.857.093/0001-14",2021-01-01,105802,2,"ON",70750305.2359709
"183","07.857.850/0001-50",2021-01-01,105634,1,"ON",0
"184","07.859.510/0001-68",2021-01-01,105273,1,"ON",0
"185","07.859.971/0001-30",2021-01-01,105744,2,"ON",590714064.811063
"186","07.882.930/0001-65",2021-01-01,105434,1,"ON",105773620.436527
"187","07.976.147/0001-60",2021-01-01,104724,4,"ON",0
"188","08.065.557/0001-12",2021-01-01,105577,1,"ON",73619230.0799209
"189","08.070.508/0001-78",2021-03-31,105885,3,"ON",0
"190","08.078.847/0001-09",2021-01-01,105250,1,"ON",147554630.929959
"191","08.159.965/0001-33",2021-01-01,105930,2,"ON",268734034
"192","08.294.224/0001-65",2021-01-01,105076,1,"ON",689024355.740717
"193","08.312.229/0001-73",2021-01-01,105405,1,"ON",226998695.438502
"194","08.324.196/0001-81",2021-01-01,104718,2,"ON",12975424310.8015
"195","08.343.492/0001-20",2021-01-01,105932,2,"ON",482875032.235813
"196","08.364.948/0001-38",2021-01-01,105789,7,"ON",596851587.893864
"197","08.402.943/0001-52",2021-01-01,105429,1,"ON",499200003.314407
"198","08.424.178/0001-71",2021-01-01,105171,1,"ON",120673.782521681
"199","08.439.659/0001-50",2021-01-01,104863,1,"ON",0
"200","08.467.115/0001-00",2021-01-01,105755,2,"ON",9516464.70766434
"201","08.493.364/0001-62",2021-03-31,97988,1,"ON",1258415911
"202","08.534.605/0001-74",2021-01-01,105375,1,"ON",50855824.9421524
"203","08.560.444/0001-93",2021-01-01,105859,2,"ON",77829000
"204","08.574.411/0001-00",2021-01-01,105288,1,"ON",0
"205","08.613.550/0001-98",2021-01-01,105693,1,"ON",78531955.3038852
"206","08.764.621/0001-53",2021-01-01,106038,2,"ON",1928768.99697596
"207","08.769.451/0001-08",2021-01-01,105023,3,"ON",0
"208","08.769.451/0001-08",2021-12-31,101031,3,"ON",0
"209","08.773.135/0001-00",2021-01-01,105841,3,"ON",113548476.190476
"210","08.773.191/0001-36",2021-01-01,105324,1,"ON",0
"211","08.795.211/0001-70",2021-01-01,105502,1,"ON",0
"212","08.797.760/0001-83",2021-01-01,104929,1,"ON",29187118123.1431
"213","08.801.621/0001-86",2021-01-01,105843,2,"ON",152645901.136015
"214","08.807.432/0001-10",2021-01-01,105403,1,"ON",309088886.149041
"215","08.811.643/0001-27",2021-01-01,105033,1,"ON",186617095.320313
"216","08.822.767/0001-08",2021-01-01,105760,1,"ON",0
"217","08.827.501/0001-58",2021-01-01,104914,1,"ON",691876937.598322
"218","08.873.873/0001-10",2021-01-01,105952,2,"ON",0
"219","08.902.291/0001-15",2021-01-01,104884,1,"ON",5591150641.17296
"220","08.926.302/0001-05",2021-01-01,105957,2,"ON",310093071.42649
"221","08.935.054/0001-50",2021-01-01,105557,1,"ON",7877739.94479077
"222","08.937.002/0001-13",2021-01-01,104847,1,"ON",1293000
"223","09.041.168/0001-10",2021-01-01,103397,5,"ON",102158424.231964
"224","09.042.817/0001-05",2021-01-01,106007,2,"ON",90909419.0858523
"225","09.053.134/0001-45",2021-01-01,104729,1,"ON",481266211.847225
"226","09.054.385/0001-44",2021-01-01,105069,1,"ON",13919845.6449835
"227","09.074.183/0001-64",2021-01-01,105252,1,"ON",428071225
"228","09.083.175/0001-84",2021-01-01,105167,1,"ON",126508660.447761
"229","09.095.183/0001-40",2021-01-01,105998,2,"ON",0
"230","09.112.685/0001-32",2021-01-01,105651,1,"ON",3148038.01784918
"231","09.114.805/0001-30",2021-01-01,105566,1,"ON",199959555.563779
"232","09.116.278/0001-01",2021-01-01,105084,1,"ON",18122506.4499484
"233","09.146.451/0001-06",2021-01-01,104771,3,"ON",0
"234","09.149.503/0001-06",2021-01-01,105088,1,"ON",196227233.663108
"235","09.229.201/0001-30",2021-01-01,104510,3,"ON",667514508.75065
"236","09.257.877/0001-37",2021-01-01,104812,1,"ON",0
"237","09.288.252/0001-32",2021-01-01,105417,1,"ON",403868806.191717
"238","09.295.063/0001-97",2021-01-01,105555,1,"ON",78506214.7709877
"239","09.304.427/0001-58",2021-01-01,105341,1,"ON",9e+05
"240","09.305.994/0001-29",2021-01-01,104952,1,"ON",928964909.090909
"241","09.313.969/0001-97",2021-01-01,104969,1,"ON",0
"242","09.324.949/0001-11",2021-01-01,104945,1,"ON",0
"243","09.325.109/0001-73",2021-01-01,104966,1,"ON",0
"244","09.326.342/0001-70",2021-01-01,104963,1,"ON",0
"245","09.336.431/0001-06",2021-01-01,104965,1,"ON",0
"246","09.346.601/0001-25",2021-01-01,105817,3,"ON",6125999998.54899
"247","09.347.516/0001-81",2021-01-01,105783,2,"ON",138073339.471568
"248","09.391.823/0001-60",2021-01-01,105436,1,"ON",0
"249","09.414.761/0001-64",2021-01-01,105618,1,"ON",0
"250","09.611.768/0001-76",2021-01-01,105845,2,"ON",0
"251","09.625.321/0001-56",2021-01-01,105552,1,"ON",0
"252","09.813.204/0001-16",2021-01-01,104739,3,"ON",0
"253","10.139.870/0001-08",2021-01-01,105349,1,"ON",238662333.966426
"254","10.215.988/0001-60",2021-01-01,105537,1,"ON",508721213.245172
"255","10.234.027/0001-00",2021-01-01,105985,3,"ON",0
"256","10.240.186/0001-00",2021-01-01,105984,3,"ON",0
"257","10.285.590/0001-08",2021-01-01,105990,2,"ON",485560489.288548
"258","10.324.624/0001-18",2021-01-01,105370,1,"ON",0
"259","10.338.320/0001-00",2021-01-01,105067,3,"ON",862287
"260","10.488.244/0001-19",2021-01-01,105307,1,"ON",10000
"261","10.502.676/0001-37",2021-01-01,105306,1,"ON",0
"262","10.531.501/0001-58",2021-01-01,105872,2,"ON",8188484620
"263","10.571.175/0001-02",2021-01-01,105241,1,"ON",0
"264","10.608.405/0001-60",2021-01-01,104981,7,"ON",2750000
"265","10.629.105/0001-68",2021-01-01,105524,1,"ON",878332771.613984
"266","10.635.691/0001-53",2021-01-01,105321,1,"ON",4.99e+08
"267","10.647.979/0001-48",2021-01-01,105868,2,"ON",0
"268","10.670.314/0001-55",2021-01-01,105124,1,"ON",0
"269","10.739.356/0001-03",2021-01-01,106048,4,"ON",193377581.016469
"270","10.753.164/0001-43",2021-01-01,105761,3,"ON",0
"271","10.760.260/0001-19",2021-01-01,105936,2,"ON",201177257.078525
"272","10.807.374/0001-77",2021-01-01,105848,5,"ON",117026569.269521
"273","10.835.932/0001-08",2021-01-01,104713,2,"ON",66700714.2857143
"274","10.841.050/0001-55",2021-01-01,105948,2,"ON",0
"275","10.851.805/0001-00",2021-01-01,105609,1,"ON",0
"276","11.257.352/0001-43",2021-01-01,104970,1,"ON",0
"277","11.274.829/0001-07",2021-01-01,105228,1,"ON",0
"278","11.284.204/0001-18",2021-01-01,105095,1,"ON",32317596.8399592
"279","11.421.994/0001-36",2021-01-01,105706,2,"ON",71500390.1052377
"280","11.669.021/0001-10",2021-01-01,105075,1,"ON",265816642.386403
"281","11.716.471/0001-17",2021-01-01,105389,1,"ON",28905
"282","11.721.921/0001-60",2021-01-01,105921,2,"ON",15232291.9841692
"283","11.725.176/0001-27",2021-01-01,105544,1,"ON",528555859.743492
"284","11.992.680/0001-93",2021-01-01,105390,1,"ON",283999809.058284
"285","12.049.631/0001-84",2021-01-01,105929,2,"ON",84884642.3248882
"286","12.091.809/0001-55",2021-01-01,105960,6,"ON",132413689.161554
"287","12.108.897/0001-50",2021-01-01,105928,2,"ON",50602435.9305126
"288","12.130.744/0001-00",2021-01-01,105114,1,"ON",0
"289","12.139.922/0001-63",2021-01-01,105068,1,"ON",0
"290","12.181.987/0001-77",2021-01-01,105138,1,"ON",207967093.585297
"291","12.261.588/0001-16",2021-01-01,104740,1,"ON",0
"292","12.300.288/0001-07",2021-01-01,106034,2,"ON",0
"293","12.320.349/0001-90",2021-01-01,104890,1,"ON",826755
"294","12.420.164/0001-57",2021-01-01,106046,4,"ON",0
"295","12.489.315/0001-23",2021-01-01,105086,1,"ON",0
"296","12.528.708/0001-07",2021-01-01,105279,1,"ON",766213462.400084
"297","12.648.266/0001-24",2021-01-01,105966,2,"ON",112938909.691914
"298","12.648.327/0001-53",2021-01-01,105550,1,"ON",760382642.564982
"299","12.919.786/0001-24",2021-01-01,105185,1,"ON",0
"300","12.979.898/0001-70",2021-01-01,105467,1,"ON",3007777
"301","13.009.717/0001-46",2021-01-01,105064,1,"ON",7636918.23899371
"302","13.017.462/0001-63",2021-01-01,106011,2,"ON",0
"303","13.217.485/0001-11",2021-01-01,105635,1,"ON",241899574.584129
"304","13.270.520/0001-66",2021-01-01,104841,3,"ON",414052040.816327
"305","13.349.677/0001-81",2021-01-01,105671,1,"ON",0
"306","13.444.994/0001-87",2021-01-01,106042,2,"ON",2900289.91686208
"307","13.457.942/0001-45",2021-01-01,105679,1,"ON",0
"308","13.483.537/0001-00",2021-01-01,104989,1,"ON",0
"309","13.574.594/0001-96",2021-01-01,105217,2,"ON",275355447.193113
"310","13.584.310/0001-42",2021-01-01,105633,1,"ON",1e+08
"311","14.110.585/0001-07",2021-01-01,105213,1,"ON",126432937.271078
"312","14.127.813/0001-51",2021-01-01,104782,3,"ON",50224662.8108462
"313","14.308.514/0001-13",2021-01-01,105562,1,"ON",126000.001910538
"314","14.333.683/0001-03",2021-01-01,104818,1,"ON",0
"315","14.388.334/0001-99",2021-01-01,105753,2,"ON",0
"316","14.776.142/0001-50",2021-01-01,105606,1,"ON",109835457.436537
"317","14.785.152/0001-51",2021-01-01,105194,1,"ON",103189327.492035
"318","14.807.945/0001-24",2021-01-01,105420,1,"ON",7715297.53265602
"319","14.876.090/0001-93",2021-01-01,104943,2,"ON",1190148
"320","14.882.295/0001-81",2021-01-01,104150,2,"ON",130859580
"321","14.998.371/0001-19",2021-01-01,104960,1,"ON",10674856
"322","15.073.274/0001-88",2021-01-01,105478,1,"ON",0
"323","15.101.405/0001-93",2021-01-01,103043,1,"ON",7814.47124304267
"324","15.115.504/0001-24",2021-01-01,105219,1,"ON",29023994.2857143
"325","15.139.629/0001-94",2021-01-01,104714,2,"ON",152284658.385093
"326","15.141.799/0001-03",2021-01-01,105534,1,"ON",29440015.6667944
"327","15.144.017/0001-90",2021-01-01,105708,2,"ON",3840000.93264007
"328","15.229.110/0001-05",2021-01-01,105008,1,"ON",0
"329","15.377.572/0001-61",2021-01-01,105239,1,"ON",0
"330","15.413.826/0001-50",2021-01-01,106002,2,"ON",601428.571428571
"331","15.484.093/0001-44",2021-01-01,105949,3,"ON",0
"332","15.494.541/0001-90",2021-01-01,105579,1,"ON",4200
"333","15.527.906/0001-36",2021-01-01,97977,1,"ON",1020429460.81075
"334","15.527.906/0001-36",2021-03-31,103633,5,"ON",1020429460.81075
"335","15.578.569/0001-06",2021-01-01,106030,4,"ON",3033541675
"336","15.688.041/0001-90",2021-01-01,105259,1,"ON",180000
"337","16.233.389/0001-55",2021-01-01,105584,1,"ON",0
"338","16.234.171/0001-15",2021-01-01,105765,2,"ON",294304933.774834
"339","16.404.287/0001-55",2021-01-01,105059,1,"ON",1361263584.17958
"340","16.590.234/0001-76",2021-01-01,105253,1,"ON",99631413.5482114
"341","16.614.075/0001-00",2021-01-01,105927,2,"ON",150000000.994905
"342","16.670.085/0001-55",2021-01-01,103603,4,"ON",758466665.929412
"343","16.676.520/0001-59",2021-01-01,104745,4,"ON",355055845.749343
"344","16.811.931/0001-00",2021-01-01,105910,2,"ON",22415713.9382145
"345","16.922.038/0001-51",2021-01-01,105300,1,"ON",199447999.383453
"346","17.155.730/0001-64",2021-01-01,106032,3,"ON",566013320.416072
"347","17.161.241/0001-15",2021-01-01,103287,1,"ON",22419.5804195804
"348","17.162.082/0001-73",2021-01-01,104557,1,"ON",10309404.6410696
"349","17.167.396/0001-69",2021-01-01,105233,1,"ON",46011635.2881968
"350","17.167.412/0001-13",2021-01-01,106039,3,"ON",58736271.1768188
"351","17.184.037/0001-10",2021-01-01,105844,2,"ON",32575671.3307532
"352","17.193.806/0001-46",2021-01-01,105232,1,"ON",40394930.811085
"353","17.234.244/0001-31",2021-01-01,104990,1,"ON",550871212
"354","17.245.234/0001-00",2021-01-01,104910,1,"ON",5707219.76808393
"355","17.281.106/0001-03",2021-01-01,105978,4,"ON",380253072.435671
"356","17.314.329/0001-20",2021-01-01,105862,2,"ON",286369529.877129
"357","17.344.597/0001-94",2021-01-01,106036,2,"ON",2000028861.55862
"358","18.174.270/0001-84",2021-01-01,105879,7,"ON",130893273.821075
"359","18.328.118/0001-09",2021-01-01,105525,1,"ON",393992474.118347
"360","18.483.666/0001-03",2021-01-01,105972,3,"ON",0
"361","18.494.485/0001-82",2021-01-01,105102,1,"ON",0
"362","18.572.225/0001-88",2021-01-01,105428,1,"ON",3.8e+08
"363","18.593.815/0001-97",2021-01-01,105839,3,"ON",38730101.6776818
"364","19.208.022/0001-70",2021-01-01,105951,2,"ON",0
"365","19.276.528/0001-16",2021-01-01,105453,1,"ON",0
"366","19.296.342/0001-29",2021-01-01,105980,2,"ON",0
"367","19.378.769/0001-76",2021-01-01,105143,1,"ON",130978697.293896
"368","19.403.252/0001-90",2021-01-01,104690,2,"ON",0
"369","19.521.322/0001-04",2021-01-01,105543,1,"ON",0
"370","19.526.748/0001-50",2021-01-01,104905,1,"ON",144198.206275092
"371","19.527.586/0001-75",2021-01-01,105339,1,"ON",0
"372","19.527.639/0001-58",2021-01-01,105995,2,"ON",0
"373","19.642.306/0001-70",2021-01-01,105305,1,"ON",0
"374","19.726.048/0001-00",2021-01-01,105506,1,"ON",0
"375","19.851.496/0001-35",2021-01-01,104807,1,"ON",0
"376","19.853.511/0001-84",2021-01-01,105225,1,"ON",615241537.390509
"377","20.247.322/0001-47",2021-01-01,105849,5,"ON",90981569.3084938
"378","20.258.278/0001-70",2021-01-01,102931,1,"ON",53952946.6941203
"379","20.451.953/0001-83",2021-01-01,103743,1,"ON",501000
"380","20.646.442/0001-17",2021-01-01,104688,1,"ON",0
"381","21.240.146/0001-84",2021-01-01,105426,1,"ON",0
"382","21.255.567/0001-89",2021-01-01,104767,1,"ON",38060197.5850713
"383","21.262.638/0001-70",2021-01-01,104858,1,"ON",0
"384","21.314.559/0001-66",2021-01-01,106004,2,"ON",299194056.053812
"385","21.389.501/0001-81",2021-01-01,105400,1,"ON",0
"386","21.414.457/0001-12",2021-01-01,105214,1,"ON",0
"387","21.610.416/0001-00",2021-01-01,105037,1,"ON",0
"388","21.948.105/0001-47",2021-01-01,105489,1,"ON",0
"389","21.976.484/0001-89",2021-01-01,104862,1,"ON",0
"390","21.976.510/0001-79",2021-01-01,105492,1,"ON",0
"391","22.163.297/0001-49",2021-01-01,105950,2,"ON",0
"392","22.266.175/0001-88",2021-01-01,105201,1,"ON",53857282.6444786
"393","22.495.265/0001-40",2021-01-01,105159,1,"ON",0
"394","22.543.331/0001-00",2021-01-01,105988,5,"ON",3e+09
"395","22.677.520/0001-76",2021-01-01,104770,1,"ON",13913101.8518519
"396","23.096.269/0001-19",2021-01-01,105956,2,"ON",7015027713.77138
"397","23.236.821/0001-27",2021-01-01,105482,1,"ON",0
"398","23.373.000/0001-32",2021-01-01,105366,1,"ON",228102181.818182
"399","23.438.929/0001-00",2021-01-01,105493,1,"ON",0
"400","24.230.275/0001-80",2021-01-01,106009,2,"ON",204253099.904618
"401","24.396.489/0001-20",2021-01-01,105571,1,"ON",2646299063.33333
"402","24.624.490/0001-65",2021-01-01,105454,1,"ON",5e+08
"403","24.624.551/0001-94",2021-01-01,105447,1,"ON",0
"404","24.962.466/0001-36",2021-01-01,105682,1,"ON",1189412364.6272
"405","24.990.777/0001-09",2021-01-01,105500,1,"ON",2209296014.28571
"406","25.005.683/0001-09",2021-01-01,104853,1,"ON",0
"407","25.089.509/0001-83",2021-01-01,105380,1,"ON",0
"408","25.249.439/0001-83",2021-01-01,103214,2,"ON",0
"409","26.462.693/0001-28",2021-01-01,105864,2,"ON",214626760.530924
"410","26.609.050/0001-64",2021-01-01,105181,1,"ON",0
"411","26.659.061/0001-59",2021-01-01,105135,1,"ON",244235564.758821
"412","26.664.057/0001-89",2021-01-01,104830,1,"ON",580628065
"413","26.735.020/0001-02",2021-01-01,105401,1,"ON",89654070.6444314
"414","26.845.702/0001-60",2021-01-01,105604,1,"ON",0
"415","27.093.558/0001-15",2021-01-01,105096,1,"ON",252168874.76571
"416","27.137.879/0001-74",2021-01-01,104887,1,"ON",0
"417","27.157.474/0001-06",2021-01-01,104915,1,"ON",0
"418","27.956.690/0001-03",2021-01-01,105019,1,"ON",0
"419","27.967.244/0001-02",2021-01-01,105610,1,"ON",0
"420","28.019.100/0001-89",2021-01-01,105218,1,"ON",0
"421","28.127.603/0001-78",2021-01-01,105205,1,"ON",231329278.703866
"422","28.152.650/0001-71",2021-01-01,105892,2,"ON",5876012
"423","28.195.667/0001-06",2021-01-01,105032,1,"ON",0
"424","28.201.130/0001-01",2021-01-01,106037,2,"ON",0
"425","28.442.718/0001-57",2021-01-01,105480,1,"ON",0
"426","28.925.264/0001-75",2021-01-01,105234,1,"ON",0
"427","28.942.127/0001-49",2021-01-01,105236,1,"ON",0
"428","29.088.092/0001-95",2021-01-01,105532,1,"ON",0
"429","29.780.061/0001-09",2021-01-01,105479,1,"ON",57737319.4556428
"430","29.894.663/0001-89",2021-01-01,105117,1,"ON",17100
"431","29.950.060/0001-57",2021-01-01,104909,1,"ON",0
"432","29.978.814/0001-87",2021-01-01,105815,2,"ON",640341532.839922
"433","30.213.493/0001-09",2021-01-01,104126,2,"ON",0
"434","30.219.233/0001-40",2021-01-01,104892,1,"ON",0
"435","30.306.294/0001-45",2021-01-01,105850,5,"ON",1961109952.1934
"436","30.418.658/0001-89",2021-01-01,105017,1,"ON",0
"437","30.540.991/0001-66",2021-01-01,103566,2,"ON",3966667.02718299
"438","30.545.324/0001-76",2021-12-31,105179,1,"ON",0
"439","30.723.886/0001-62",2021-01-01,103334,2,"ON",412570150.605281
"440","30.788.149/0001-48",2021-01-01,104985,1,"ON",0
"441","31.001.230/0001-07",2021-01-01,105083,1,"ON",0
"442","31.468.139/0001-98",2021-01-01,104692,1,"ON",20000
"443","31.553.627/0001-01",2021-01-01,105535,1,"ON",106479264.49449
"444","31.701.408/0001-14",2021-01-01,103908,2,"ON",419538237.200259
"445","31.907.982/0001-23",2021-01-01,105014,1,"ON",0
"446","32.161.500/0001-00",2021-01-01,105169,1,"ON",0
"447","32.372.085/0001-25",2021-01-01,105355,1,"ON",0
"448","32.681.371/0001-72",2021-01-01,105123,1,"ON",84708037.2250423
"449","32.770.457/0001-71",2021-01-01,105002,1,"ON",0
"450","32.785.497/0001-97",2021-01-01,105457,1,"ON",1376648773.23177
"451","33.000.167/0001-01",2021-01-01,105852,2,"ON",7442454101.07067
"452","33.014.556/0001-96",2021-01-01,105521,1,"ON",659310926.793129
"453","33.035.536/0001-00",2021-01-01,105210,1,"ON",105203975.549887
"454","33.040.601/0001-87",2021-01-01,105605,1,"ON",10178447.5806452
"455","33.041.260/0652-90",2021-01-01,105775,2,"ON",1597354104.06413
"456","33.042.730/0001-04",2021-01-01,105989,2,"ON",1387530325.28403
"457","33.050.071/0001-58",2021-01-01,105883,3,"ON",166634312.973079
"458","33.050.196/0001-88",2021-01-01,104861,1,"ON",0
"459","33.102.476/0001-92",2021-01-01,105619,1,"ON",12250000
"460","33.111.246/0001-90",2021-01-01,105779,1,"ON",0
"461","33.113.309/0001-47",2021-01-01,105568,1,"ON",78269230
"462","33.200.049/0001-47",2021-01-01,104551,1,"ON",10477918.9221322
"463","33.228.024/0001-51",2021-01-01,105483,1,"ON",16571048.8652627
"464","33.256.439/0001-39",2021-01-01,105139,1,"ON",1115076646.12519
"465","33.352.394/0001-04",2021-01-01,105970,2,"ON",612500000
"466","33.376.989/0001-91",2021-01-01,105078,1,"ON",1267889351.15044
"467","33.386.210/0001-19",2021-01-01,105721,2,"ON",856875
"468","33.412.081/0001-96",2021-01-01,105331,1,"ON",67691629.5481909
"469","33.453.598/0001-23",2021-03-31,105411,2,"ON",0
"470","33.467.572/0001-34",2021-01-01,105085,1,"ON",1587100.97073944
"471","33.541.368/0001-16",2021-01-01,105487,1,"ON",0
"472","33.592.510/0001-54",2021-01-01,105772,3,"ON",5284297872.8455
"473","33.611.500/0001-19",2021-01-01,105953,2,"ON",1113574920.63492
"474","33.679.797/0001-54",2021-01-01,105154,1,"ON",0
"475","33.839.910/0001-11",2021-01-01,106031,4,"ON",236197768.450805
"476","33.938.119/0001-69",2021-01-01,105450,1,"ON",238678333.333333
"477","33.958.695/0001-78",2021-01-01,105975,3,"ON",94432877.4048793
"478","34.169.557/0001-72",2021-01-01,105820,2,"ON",4117192.1182266
"479","34.274.233/0001-02",2021-01-01,106022,2,"ON",1165000004.75162
"480","34.469.625/0001-19",2021-01-01,105042,1,"ON",0
"481","35.082.277/0001-95",2021-01-01,105186,2,"ON",0
"482","35.502.310/0001-99",2021-01-01,105594,1,"ON",0
"483","35.727.157/0001-06",2021-01-01,105431,1,"ON",199999856.042611
"484","35.791.391/0001-94",2021-01-01,105805,2,"ON",0
"485","36.243.187/0001-00",2021-01-01,103587,1,"ON",0
"486","36.542.025/0001-64",2021-01-01,105585,2,"ON",0
"487","37.368.315/0001-04",2021-01-01,105020,1,"ON",0
"488","37.592.100/0001-64",2021-01-01,105150,1,"ON",0
"489","37.663.076/0001-07",2021-01-01,105904,2,"ON",399109745.437255
"490","38.042.694/0001-00",2021-01-01,105461,1,"ON",0
"491","38.199.406/0001-18",2021-01-01,103151,2,"ON",0
"492","38.307.135/0001-77",2021-01-01,104205,2,"ON",0
"493","38.456.921/0001-36",2021-01-01,105909,7,"ON",239684975.945761
"494","39.115.514/0001-28",2021-01-01,105684,1,"ON",0
"495","39.393.829/0001-37",2021-01-01,105397,1,"ON",0
"496","40.159.947/0001-64",2021-01-01,105999,6,"ON",0
"497","42.150.391/0001-70",2021-01-01,105531,1,"ON",451612211.336599
"498","42.278.291/0001-24",2021-01-01,105749,2,"ON",105488166.526493
"499","42.278.473/0001-03",2021-01-01,105077,1,"ON",159907463.240601
"500","42.331.462/0001-31",2021-01-01,105176,1,"ON",14860576.7930615
"501","42.771.949/0001-35",2021-01-01,105810,2,"ON",118291578.805082
"502","43.185.362/0001-07",2021-01-01,105340,1,"ON",12601579.1666667
"503","43.283.811/0001-50",2021-01-01,105333,1,"ON",0
"504","43.470.988/0001-65",2021-01-01,105151,1,"ON",211993572.475911
"505","43.776.517/0001-80",2021-01-01,105654,1,"ON",683509863.493805
"506","45.242.914/0001-05",2021-01-01,105961,2,"ON",308245067.417378
"507","45.365.558/0001-09",2021-01-01,103168,2,"ON",0
"508","45.453.214/0001-51",2021-01-01,105192,1,"ON",123812774.686413
"509","45.987.245/0001-92",2021-01-01,106017,2,"ON",2419061.36278078
"510","46.119.855/0001-37",2021-01-01,104900,2,"ON",0
"511","47.508.411/0001-56",2021-01-01,105877,2,"ON",268353379.499017
"512","47.509.120/0001-82",2021-01-01,105963,3,"ON",0
"513","47.960.950/0001-21",2021-01-01,105494,1,"ON",6498926795.69913
"514","49.263.189/0001-02",2021-01-01,105449,1,"ON",133851070.81929
"515","49.669.856/0001-43",2021-01-01,106018,2,"ON",68848639.1382406
"516","50.564.053/0001-03",2021-01-01,105554,1,"ON",0
"517","50.746.577/0001-15",2021-01-01,105808,2,"ON",468517732.278761
"518","50.926.955/0001-42",2021-01-01,105045,1,"ON",245724153.897402
"519","51.128.999/0001-90",2021-01-01,105053,1,"ON",127943.998003478
"520","51.218.147/0001-93",2021-01-01,105049,1,"ON",176611578.537606
"521","51.466.860/0001-56",2021-03-31,99090,2,"ON",354011744.119278
"522","51.928.174/0001-50",2021-01-01,105255,2,"ON",12427317.5
"523","52.548.435/0001-79",2021-01-01,105632,1,"ON",280031090.989399
"524","53.113.791/0001-22",2021-01-01,105549,1,"ON",577913184.334893
"525","56.444.250/0001-75",2021-01-01,104676,1,"ON",2327
"526","56.643.018/0001-66",2021-01-01,105459,1,"ON",31260361.4163614
"527","56.720.428/0001-63",2021-01-01,105265,1,"ON",73371377.9527559
"528","56.992.423/0001-90",2021-01-01,104737,1,"ON",454753.684769619
"529","58.119.199/0001-51",2021-01-01,105118,1,"ON",531294397.838187
"530","58.430.828/0001-60",2021-01-01,104804,12,"ON",179393937.142857
"531","59.105.999/0001-86",2021-01-01,106006,2,"ON",1024654125
"532","59.285.411/0001-13",2021-01-01,105917,7,"ON",0
"533","59.418.806/0001-47",2021-01-01,105396,1,"ON",0
"534","59.789.545/0001-71",2021-01-01,105197,1,"ON",0
"535","59.981.829/0001-65",2021-01-01,103652,2,"ON",0
"536","60.398.369/0004-79",2021-01-01,105367,1,"ON",43405368.1878866
"537","60.444.437/0001-46",2021-01-01,105933,11,"ON",0
"538","60.476.884/0001-87",2021-01-01,105160,1,"ON",128308393.333333
"539","60.500.139/0001-26",2021-01-01,105261,1,"ON",20007207.5263104
"540","60.537.263/0001-66",2021-01-01,105462,1,"ON",193770265.757891
"541","60.543.816/0001-93",2021-01-01,105371,1,"ON",34771251
"542","60.637.238/0001-54",2021-01-01,105157,2,"ON",1673066
"543","60.651.809/0001-05",2021-01-01,105541,1,"ON",0
"544","60.730.348/0001-66",2021-01-01,105510,1,"ON",5618637.13798978
"545","60.746.948/0001-12",2021-01-01,105962,3,"ON",4870579292.22486
"546","60.770.336/0001-65",2021-01-01,106040,3,"ON",53482127.6395072
"547","60.840.055/0001-31",2021-01-01,105842,2,"ON",302892397
"548","60.851.615/0001-53",2021-01-01,105264,1,"ON",607190.531066936
"549","60.872.504/0001-23",2021-01-01,105867,3,"ON",4958290122.86816
"550","60.884.319/0001-59",2021-01-01,105561,1,"ON",6621450.51671167
"551","60.894.730/0001-05",2021-01-01,106033,2,"ON",705246158.89979
"552","60.933.603/0001-78",2021-01-01,105258,2,"ON",327502724.518436
"553","61.022.042/0001-18",2021-01-01,105588,1,"ON",124014.084507042
"554","61.065.298/0001-02",2021-01-01,105385,1,"ON",2210000
"555","61.065.751/0001-80",2021-01-01,105622,1,"ON",17153336.9705233
"556","61.079.117/0001-05",2021-01-01,105212,1,"ON",302010650.076784
"557","61.080.313/0001-91",2021-01-01,103765,1,"ON",40304114.1428798
"558","61.082.004/0001-50",2021-01-01,105855,2,"ON",269450.00387691
"559","61.088.894/0001-08",2021-01-01,104962,1,"ON",42265080
"560","61.092.037/0001-81",2021-01-01,105944,3,"ON",61776574.9686921
"561","61.156.113/0001-75",2021-01-01,105303,1,"ON",153719600.97286
"562","61.156.931/0001-78",2021-01-01,105922,3,"ON",6251.17150890347
"563","61.186.680/0001-74",2021-01-01,106029,2,"ON",398585350.318471
"564","61.189.288/0001-89",2021-01-01,105275,2,"ON",261670551.01132
"565","61.351.532/0001-68",2021-01-01,105821,3,"ON",6600013.017122
"566","61.374.161/0001-30",2021-01-01,105399,1,"ON",4904158.41584158
"567","61.486.650/0001-83",2021-01-01,105722,5,"ON",548303453.525641
"568","61.532.644/0001-15",2021-01-01,105958,2,"ON",2889839681.97784
"569","61.584.140/0001-49",2021-01-01,105590,1,"ON",2087406279.06977
"570","61.585.865/0001-51",2021-01-01,105352,1,"ON",1651930002.80345
"571","61.695.227/0001-93",2021-01-01,105664,1,"ON",0
"572","61.856.571/0001-17",2021-01-01,105393,1,"ON",102146875
"573","62.002.886/0001-60",2021-01-01,105164,1,"ON",8543896.04470544
"574","62.144.175/0001-20",2021-01-01,105424,1,"ON",0
"575","62.232.889/0001-90",2021-01-01,105296,2,"ON",0
"576","62.307.848/0001-15",2021-01-01,105183,1,"ON",0
"577","62.984.091/0001-02",2021-01-01,105869,2,"ON",381822234.376425
"578","64.904.295/0001-03",2021-02-28,102755,6,"ON",370000001.909431
"579","65.654.303/0001-73",2021-01-01,105865,2,"ON",0
"580","67.010.660/0001-24",2021-01-01,105126,1,"ON",43769808.4184661
"581","67.571.414/0001-41",2021-01-01,105269,1,"ON",106507317
"582","67.620.377/0001-14",2021-01-01,105350,1,"ON",549634764.492754
"583","71.208.516/0001-74",2021-01-01,105468,1,"ON",295019811.034319
"584","71.476.527/0001-35",2021-01-01,105513,1,"ON",104340694.595181
"585","71.673.990/0001-77",2021-01-01,105847,2,"ON",0
"586","73.178.600/0001-18",2021-01-01,106041,3,"ON",399740635.64615
"587","73.903.718/0001-61",2021-01-01,105166,1,"ON",0
"588","75.315.333/0001-09",2021-01-01,104939,1,"ON",1985292394.8529
"589","75.609.123/0001-23",2021-01-01,105915,2,"ON",0
"590","76.483.817/0001-20",2021-01-01,105918,2,"ON",1054090445.66793
"591","76.484.013/0001-45",2021-01-01,106001,2,"ON",503734923.128183
"592","76.535.764/0001-43",2021-01-01,105914,2,"ON",6440493851.11111
"593","78.876.950/0001-71",2021-01-01,105030,1,"ON",162533937.837217
"594","79.430.682/0001-22",2021-01-01,105287,1,"ON",0
"595","80.227.184/0001-66",2021-01-01,103874,1,"ON",80448.009019
"596","81.243.735/0001-48",2021-01-01,105638,1,"ON",141812723.473837
"597","82.508.433/0001-17",2021-01-01,105009,1,"ON",400009067.827349
"598","82.636.986/0001-55",2021-01-01,105329,1,"ON",0
"599","82.640.558/0001-04",2021-01-01,105665,1,"ON",2845707.31707317
"600","82.643.537/0001-34",2021-01-01,104637,2,"ON",22500000.1730769
"601","82.901.000/0001-27",2021-01-01,105507,1,"ON",327609629.865732
"602","82.982.075/0001-80",2021-01-01,105226,1,"ON",1456603
"603","83.475.913/0001-91",2021-01-01,105518,1,"ON",154545652.985075
"604","83.878.892/0001-55",2021-01-01,104957,1,"ON",15526274.6548323
"605","84.429.695/0001-11",2021-01-01,105146,1,"ON",4197317972.95127
"606","84.683.374/0001-49",2021-01-01,105814,2,"ON",144177498.540936
"607","84.683.408/0001-03",2021-01-01,105257,1,"ON",54467959.1534705
"608","84.683.671/0001-94",2021-01-01,105335,1,"ON",685998.551266319
"609","84.693.183/0001-68",2021-01-01,104643,1,"ON",76346382.6201437
"610","85.041.333/0001-11",2021-01-01,103340,2,"ON",231387331.717824
"611","85.778.074/0001-06",2021-01-01,105119,1,"ON",0
"612","86.375.425/0001-09",2021-01-01,104647,1,"ON",4224308.94308943
"613","86.550.951/0001-50",2021-01-01,105202,1,"ON",2001092.001092
"614","87.043.832/0001-73",2021-01-01,105955,2,"ON",0
"615","87.456.562/0001-22",2021-01-01,105784,2,"ON",10444526.0663507
"616","87.762.563/0001-03",2021-01-01,105977,2,"ON",0
"617","88.610.126/0001-29",2021-01-01,105926,2,"ON",217566344.320306
"618","88.610.191/0001-54",2021-01-01,105360,1,"ON",2480260.00391553
"619","88.611.835/0001-29",2021-01-01,105242,1,"ON",341657768.662838
"620","88.613.658/0001-10",2021-06-30,98944,1,"ON",16016924.1701215
"621","89.086.144/0001-16",2021-01-01,105994,2,"ON",116506101.694915
"622","89.096.457/0001-55",2021-01-01,105294,1,"ON",190550528.634361
"623","89.463.822/0001-12",2021-01-01,106008,2,"ON",28477701
"624","89.637.490/0001-45",2021-01-01,105965,3,"ON",2081928528.2167
"625","89.723.993/0001-33",2021-01-01,105191,1,"ON",7489719.80302862
"626","89.850.341/0001-60",2021-01-01,105271,1,"ON",902127231.845436
"627","90.400.888/0001-42",2021-01-01,105857,2,"ON",3818695058.73702
"628","90.441.460/0001-48",2021-01-01,104934,1,"ON",66086363.6843069
"629","91.333.666/0001-17",2021-01-01,104987,1,"ON",75824977.6186213
"630","91.495.499/0001-00",2021-01-01,104842,1,"ON",0
"631","91.669.747/0001-92",2021-01-01,104746,1,"ON",913827.649208282
"632","91.983.056/0001-69",2021-01-01,104906,1,"ON",26311971.0389813
"633","92.012.467/0001-70",2021-01-01,105840,2,"ON",8091392.69866882
"634","92.660.570/0001-26",2021-01-01,105243,1,"ON",2297999.94362383
"635","92.665.611/0001-77",2021-01-01,105645,2,"ON",137994416.100999
"636","92.690.783/0001-09",2021-01-01,105954,2,"ON",789530798.611111
"637","92.693.019/0001-89",2021-01-01,104940,1,"ON",17487079.4316066
"638","92.702.067/0001-96",2021-01-01,105946,2,"ON",205316898.395722
"639","92.715.812/0001-31",2021-01-01,105902,3,"ON",9517180.57663126
"640","92.721.232/0001-57",2021-01-01,103347,2,"ON",0
"641","92.749.225/0001-63",2021-01-01,105697,2,"ON",171194.822638745
"642","92.754.738/0001-62",2021-01-01,105573,4,"ON",898471042.213694
"643","92.781.335/0001-02",2021-01-01,105231,1,"ON",46430193.6289819
"644","92.791.243/0001-03",2021-01-01,105773,2,"ON",256705834.546337
"645","92.802.784/0001-90",2021-01-01,105539,1,"ON",0
"646","92.934.215/0001-06",2021-01-01,106026,2,"ON",0
"647","93.828.986/0001-73",2021-01-01,105741,2,"ON",35692.9999394363
"648","95.426.862/0001-97",2021-01-01,105427,1,"ON",2850000
"649","96.298.013/0001-68",2021-01-01,105716,2,"ON",0
"650","96.418.264/0218-02",2021-01-01,105326,1,"ON",187290336.371619
"651","97.191.902/0001-94",2021-01-01,105276,1,"ON",9830175.43859649
"652","97.837.181/0001-47",2021-01-01,105623,1,"ON",691784506.240145
"653","00.000.000/0001-91",2021-01-01,105911,2,"PN",0
"654","00.000.208/0001-00",2021-01-01,105792,2,"PN",82717142.8571429
"655","00.001.180/0001-26",2021-01-01,105907,2,"PN",280079308.597035
"656","00.070.698/0001-11",2021-01-01,105826,2,"PN",7232205.05777019
"657","00.192.769/0001-59",2021-01-01,105168,1,"PN",0
"658","00.272.185/0001-93",2021-01-01,105336,1,"PN",0
"659","00.336.701/0001-04",2021-01-01,105072,1,"PN",18407545.7919005
"660","00.359.742/0001-08",2021-01-01,105315,1,"PN",0
"661","00.383.281/0001-09",2021-01-01,105723,2,"PN",0
"662","00.389.481/0001-79",2021-01-01,105304,1,"PN",0
"663","00.416.968/0001-01",2021-01-01,105939,2,"PN",1468333451.64795
"664","00.545.378/0001-70",2021-01-01,105553,2,"PN",0
"665","00.622.416/0001-41",2021-01-01,105128,1,"PN",0
"666","00.644.907/0001-93",2021-01-01,105249,1,"PN",786336393.778142
"667","00.743.065/0001-27",2021-01-01,104808,1,"PN",0
"668","00.776.574/0001-56",2021-01-01,105519,1,"PN",0
"669","00.864.214/0001-06",2021-01-01,105578,1,"PN",1058543358.07444
"670","00.897.864/0001-58",2021-01-01,104591,2,"PN",0
"671","00.924.429/0001-75",2021-01-01,105056,1,"PN",18.99999962
"672","00.938.574/0001-05",2021-01-01,105313,1,"PN",37680
"673","00.974.211/0001-25",2021-01-01,105382,1,"PN",0
"674","00.979.969/0001-56",2021-01-01,103284,1,"PN",0
"675","01.027.058/0001-91",2021-01-01,105293,1,"PN",0
"676","01.083.200/0001-18",2021-01-01,104655,1,"PN",0
"677","01.104.937/0001-70",2021-01-01,105268,1,"PN",0
"678","01.107.327/0001-20",2021-01-01,105575,1,"PN",0
"679","01.258.944/0001-26",2021-01-01,105394,1,"PN",0
"680","01.319.044/0001-41",2021-01-01,103915,1,"PN",0
"681","01.417.222/0001-77",2021-01-01,105332,1,"PN",151667362.291536
"682","01.468.594/0001-22",2021-01-01,105542,3,"PN",0
"683","01.543.032/0001-04",2021-01-01,105886,3,"PN",0
"684","01.545.826/0001-07",2021-01-01,105674,1,"PN",0
"685","01.548.981/0001-79",2021-01-01,105863,2,"PN",1571774.00330267
"686","01.599.101/0001-93",2021-01-01,105860,5,"PN",0
"687","01.616.929/0001-02",2021-01-01,105289,1,"PN",0
"688","01.838.723/0001-27",2021-01-01,105935,2,"PN",0
"689","01.851.771/0001-55",2021-01-01,104991,1,"PN",0
"690","01.896.779/0001-38",2021-01-01,105110,1,"PN",0
"691","01.917.818/0001-36",2021-01-01,105142,1,"PN",0
"692","01.938.783/0001-11",2021-01-01,105992,2,"PN",6426781.70144462
"693","01.957.772/0001-89",2021-01-01,105881,2,"PN",0
"694","01.971.614/0001-83",2021-01-01,105993,2,"PN",873553.113553114
"695","01.989.044/0001-59",2021-01-01,103950,1,"PN",0
"696","02.016.440/0001-62",2021-01-01,104859,1,"PN",0
"697","02.062.747/0001-08",2021-01-01,104993,1,"PN",0
"698","02.105.040/0001-23",2021-04-01,105031,1,"PN",41648.9602150847
"699","02.105.040/0001-23",2021-12-31,100560,1,"PN",41648.9602150847
"700","02.149.205/0001-69",2021-01-01,105007,1,"PN",0
"701","02.162.616/0001-94",2021-01-01,104696,1,"PN",0
"702","02.193.750/0001-52",2021-01-01,105919,2,"PN",31335733.3333333
"703","02.201.787/0001-85",2021-01-01,105190,1,"PN",3e+06
"704","02.217.319/0001-07",2021-01-01,105344,1,"PN",0
"705","02.221.531/0001-30",2021-01-01,105752,2,"PN",0
"706","02.281.836/0001-37",2021-01-01,104982,1,"PN",0
"707","02.286.479/0001-08",2021-01-01,105646,1,"PN",0
"708","02.291.077/0001-93",2021-01-01,103648,2,"PN",0
"709","02.302.100/0001-06",2021-01-01,105894,2,"PN",0
"710","02.302.101/0001-42",2021-01-01,105379,1,"PN",22241714.0750669
"711","02.318.346/0001-68",2021-01-01,104994,1,"PN",0
"712","02.328.280/0001-97",2021-01-01,104719,2,"PN",101878300.170677
"713","02.351.144/0001-18",2021-01-01,105357,1,"PN",0
"714","02.351.877/0001-52",2021-01-01,104933,1,"PN",0
"715","02.357.251/0001-53",2021-01-01,105175,1,"PN",0
"716","02.365.069/0001-44",2021-01-01,103209,1,"PN",0
"717","02.382.073/0001-10",2021-01-01,105833,2,"PN",0
"718","02.387.241/0001-60",2021-01-01,105799,2,"PN",0
"719","02.397.080/0001-96",2021-01-01,104715,2,"PN",0
"720","02.415.408/0001-50",2021-01-01,105091,1,"PN",0
"721","02.421.421/0001-11",2021-01-01,105747,2,"PN",0
"722","02.429.144/0001-93",2021-01-01,104864,1,"PN",0
"723","02.451.848/0001-62",2021-01-01,104992,1,"PN",0
"724","02.474.103/0001-19",2021-01-01,105229,1,"PN",0
"725","02.502.844/0001-66",2021-01-01,105683,1,"PN",0
"726","02.509.186/0001-34",2021-01-01,105758,1,"PN",0
"727","02.509.491/0001-26",2021-01-01,105947,2,"PN",0
"728","02.558.157/0001-62",2021-01-01,105925,2,"PN",0
"729","02.635.522/0001-95",2021-03-31,104794,8,"PN",0
"730","02.643.896/0001-52",2021-01-01,105291,1,"PN",0
"731","02.664.042/0001-52",2021-01-01,104907,1,"PN",0
"732","02.682.287/0001-02",2021-01-01,105657,1,"PN",0
"733","02.724.983/0001-34",2021-01-01,105061,1,"PN",0
"734","02.762.113/0001-50",2021-01-01,105702,2,"PN",0
"735","02.762.121/0001-04",2021-01-01,105905,2,"PN",0
"736","02.762.124/0001-30",2021-01-01,104995,1,"PN",0
"737","02.773.542/0001-22",2021-01-01,105407,2,"PN",0
"738","02.783.423/0001-50",2021-01-01,105727,1,"PN",0
"739","02.796.775/0001-40",2021-01-01,104999,1,"PN",0
"740","02.800.026/0001-40",2021-01-01,105274,1,"PN",0
"741","02.846.056/0001-97",2021-01-01,105822,2,"PN",0
"742","02.860.694/0001-62",2021-01-01,105647,1,"PN",0
"743","02.916.265/0001-60",2021-01-01,105565,1,"PN",0
"744","02.919.555/0001-67",2021-01-01,104959,1,"PN",0
"745","02.932.074/0001-91",2021-01-01,105378,1,"PN",0
"746","02.950.811/0001-89",2021-01-01,106024,3,"PN",0
"747","02.992.449/0001-09",2021-01-01,105000,1,"PN",0
"748","02.998.301/0001-81",2021-01-01,104778,1,"PN",62981870.2290076
"749","02.998.611/0001-04",2021-01-01,105116,1,"PN",400945570.026893
"750","03.014.553/0001-91",2021-01-01,105460,1,"PN",0
"751","03.025.305/0001-46",2021-01-01,105759,1,"PN",0
"752","03.207.703/0001-83",2021-01-01,105206,2,"PN",0
"753","03.220.438/0001-73",2021-01-01,105832,2,"PN",0
"754","03.303.999/0001-36",2021-01-01,104554,1,"PN",0
"755","03.342.704/0001-30",2021-01-01,105809,7,"PN",0
"756","03.378.521/0001-75",2021-01-01,105145,1,"PN",0
"757","03.467.321/0001-99",2021-01-01,105583,1,"PN",143707702.702703
"758","03.538.833/0001-07",2021-01-01,105004,1,"PN",0
"759","03.758.318/0001-24",2021-01-01,105967,2,"PN",286114244
"760","03.767.538/0001-14",2021-01-01,105667,2,"PN",0
"761","03.795.050/0001-09",2021-01-01,105906,2,"PN",0
"762","03.818.379/0001-30",2021-01-01,105277,1,"PN",0
"763","03.847.461/0001-92",2021-01-01,105964,2,"PN",225862574.63917
"764","03.853.896/0001-40",2021-01-01,104787,1,"PN",0
"765","03.953.509/0001-47",2021-01-01,104865,1,"PN",0
"766","03.983.431/0001-03",2021-01-01,105246,1,"PN",0
"767","04.030.182/0001-02",2021-01-01,103691,1,"PN",4916000
"768","04.031.213/0001-31",2021-01-01,103696,1,"PN",1406542
"769","04.032.433/0001-80",2021-01-01,105668,1,"PN",0
"770","04.038.763/0001-82",2021-01-01,103707,2,"PN",0
"771","04.065.791/0001-99",2021-01-01,105070,1,"PN",0
"772","04.069.709/0001-02",2021-01-01,105797,2,"PN",0
"773","04.089.570/0001-50",2021-01-01,104911,1,"PN",0
"774","04.128.563/0001-10",2021-01-01,105316,1,"PN",0
"775","04.149.454/0001-80",2021-01-01,105882,6,"PN",0
"776","04.172.213/0001-51",2021-01-01,104860,1,"PN",0
"777","04.200.649/0001-07",2021-01-01,104736,2,"PN",0
"778","04.233.319/0001-18",2021-01-01,105136,1,"PN",0
"779","04.370.282/0001-70",2021-01-01,105272,1,"PN",0
"780","04.423.567/0001-21",2021-01-01,105475,1,"PN",0
"781","04.437.534/0001-30",2021-01-01,105546,1,"PN",0
"782","04.739.720/0001-24",2021-01-01,105240,1,"PN",0
"783","04.752.991/0001-10",2021-01-01,105878,3,"PN",0
"784","04.821.041/0001-08",2021-01-01,105642,1,"PN",0
"785","04.895.728/0001-80",2021-01-01,105601,1,"PN",4453331.47383688
"786","04.902.979/0001-44",2021-01-01,105353,1,"PN",0
"787","04.912.242/0001-02",2021-01-01,104814,1,"PN",35665.4982215578
"788","04.913.711/0001-08",2021-01-01,105811,4,"PN",0
"789","04.986.320/0001-13",2021-01-01,105421,1,"PN",0
"790","04.992.714/0001-84",2021-01-01,105140,1,"PN",0
"791","05.197.443/0001-38",2021-01-01,105764,7,"PN",0
"792","05.336.882/0001-84",2021-01-01,105071,1,"PN",0
"793","05.721.735/0001-28",2021-01-01,106044,7,"PN",0
"794","05.730.375/0001-20",2021-01-01,105959,2,"PN",0
"795","05.799.312/0001-20",2021-01-01,105526,1,"PN",0
"796","05.878.397/0001-32",2021-01-01,106003,2,"PN",0
"797","05.889.284/0001-32",2021-01-01,104949,1,"PN",0
"798","05.917.486/0001-40",2021-01-01,104526,2,"PN",0
"799","06.016.348/0001-53",2021-01-01,105221,1,"PN",0
"800","06.047.087/0001-39",2021-01-01,105825,4,"PN",0
"801","06.057.223/0001-71",2021-01-01,106016,2,"PN",0
"802","06.164.253/0001-87",2021-01-01,105743,2,"PN",274023871.019172
"803","06.272.793/0001-84",2021-01-01,105599,1,"PN",2865000.92199889
"804","06.347.409/0001-65",2021-01-01,105629,1,"PN",0
"805","06.626.253/0001-51",2021-01-01,105473,1,"PN",0
"806","06.948.969/0001-75",2021-01-01,105044,1,"PN",0
"807","06.977.745/0001-91",2021-01-01,105093,1,"PN",0
"808","06.977.751/0001-49",2021-01-01,104786,1,"PN",0
"809","06.981.176/0001-58",2021-01-01,105398,2,"PN",0
"810","06.981.180/0001-16",2021-01-01,105387,2,"PN",0
"811","06.981.381/0001-13",2021-03-31,99839,3,"PN",0
"812","07.040.108/0001-57",2021-01-01,104751,1,"PN",181690000
"813","07.043.628/0001-13",2021-01-01,105295,1,"PN",0
"814","07.047.251/0001-70",2021-01-01,105880,2,"PN",29787361.7946618
"815","07.119.838/0001-48",2021-01-01,105330,1,"PN",0
"816","07.206.816/0001-15",2021-01-01,105725,2,"PN",0
"817","07.237.373/0001-20",2021-01-01,106025,3,"PN",0
"818","07.253.321/0001-47",2021-01-01,105092,1,"PN",220000
"819","07.275.159/0001-68",2021-01-01,104187,1,"PN",1753429.79972738
"820","07.282.377/0001-20",2021-01-01,106035,2,"PN",0
"821","07.334.600/0001-35",2021-01-01,104809,1,"PN",0
"822","07.401.436/0001-31",2021-01-01,105515,1,"PN",0
"823","07.415.333/0001-20",2021-01-01,105386,1,"PN",0
"824","07.437.016/0001-05",2021-01-01,105320,1,"PN",0
"825","07.526.557/0001-00",2021-01-01,105981,2,"PN",0
"826","07.587.384/0001-30",2021-01-01,104687,1,"PN",0
"827","07.594.978/0001-78",2021-01-01,104588,1,"PN",0
"828","07.628.528/0001-59",2021-06-30,104837,8,"PN",0
"829","07.659.538/0001-51",2021-01-01,104828,2,"PN",0
"830","07.689.002/0001-89",2021-01-01,105292,1,"PN",0
"831","07.718.269/0001-57",2021-01-01,104765,1,"PN",0
"832","07.816.890/0001-53",2021-01-01,103262,1,"PN",0
"833","07.820.907/0001-46",2021-01-01,104876,1,"PN",0
"834","07.857.093/0001-14",2021-01-01,105802,2,"PN",0
"835","07.857.850/0001-50",2021-01-01,105634,1,"PN",75321531.9163146
"836","07.859.510/0001-68",2021-01-01,105273,1,"PN",0
"837","07.859.971/0001-30",2021-01-01,105744,2,"PN",442782655.307418
"838","07.882.930/0001-65",2021-01-01,105434,1,"PN",0
"839","07.976.147/0001-60",2021-01-01,104724,4,"PN",0
"840","08.065.557/0001-12",2021-01-01,105577,1,"PN",0
"841","08.070.508/0001-78",2021-03-31,105885,3,"PN",0
"842","08.078.847/0001-09",2021-01-01,105250,1,"PN",0
"843","08.159.965/0001-33",2021-01-01,105930,2,"PN",0
"844","08.294.224/0001-65",2021-01-01,105076,1,"PN",0
"845","08.312.229/0001-73",2021-01-01,105405,1,"PN",0
"846","08.324.196/0001-81",2021-01-01,104718,2,"PN",1939282017.03122
"847","08.343.492/0001-20",2021-01-01,105932,2,"PN",0
"848","08.364.948/0001-38",2021-01-01,105789,7,"PN",282158036.916174
"849","08.402.943/0001-52",2021-01-01,105429,1,"PN",0
"850","08.424.178/0001-71",2021-01-01,105171,1,"PN",120679.920009411
"851","08.439.659/0001-50",2021-01-01,104863,1,"PN",0
"852","08.467.115/0001-00",2021-01-01,105755,2,"PN",164009.462452184
"853","08.493.364/0001-62",2021-03-31,97988,1,"PN",0
"854","08.534.605/0001-74",2021-01-01,105375,1,"PN",49288296.8243347
"855","08.560.444/0001-93",2021-01-01,105859,2,"PN",0
"856","08.574.411/0001-00",2021-01-01,105288,1,"PN",373242
"857","08.613.550/0001-98",2021-01-01,105693,1,"PN",0
"858","08.764.621/0001-53",2021-01-01,106038,2,"PN",0
"859","08.769.451/0001-08",2021-01-01,105023,3,"PN",0
"860","08.769.451/0001-08",2021-12-31,101031,3,"PN",0
"861","08.773.135/0001-00",2021-01-01,105841,3,"PN",0
"862","08.773.191/0001-36",2021-01-01,105324,1,"PN",0
"863","08.795.211/0001-70",2021-01-01,105502,1,"PN",0
"864","08.797.760/0001-83",2021-01-01,104929,1,"PN",0
"865","08.801.621/0001-86",2021-01-01,105843,2,"PN",0
"866","08.807.432/0001-10",2021-01-01,105403,1,"PN",0
"867","08.811.643/0001-27",2021-01-01,105033,1,"PN",0
"868","08.822.767/0001-08",2021-01-01,105760,1,"PN",0
"869","08.827.501/0001-58",2021-01-01,104914,1,"PN",138834332.976159
"870","08.873.873/0001-10",2021-01-01,105952,2,"PN",0
"871","08.902.291/0001-15",2021-01-01,104884,1,"PN",0
"872","08.926.302/0001-05",2021-01-01,105957,2,"PN",0
"873","08.935.054/0001-50",2021-01-01,105557,1,"PN",6843556.98463153
"874","08.937.002/0001-13",2021-01-01,104847,1,"PN",0
"875","09.041.168/0001-10",2021-01-01,103397,5,"PN",0
"876","09.042.817/0001-05",2021-01-01,106007,2,"PN",0
"877","09.053.134/0001-45",2021-01-01,104729,1,"PN",0
"878","09.054.385/0001-44",2021-01-01,105069,1,"PN",0
"879","09.074.183/0001-64",2021-01-01,105252,1,"PN",0
"880","09.083.175/0001-84",2021-01-01,105167,1,"PN",0
"881","09.095.183/0001-40",2021-01-01,105998,2,"PN",0
"882","09.112.685/0001-32",2021-01-01,105651,1,"PN",0
"883","09.114.805/0001-30",2021-01-01,105566,1,"PN",0
"884","09.116.278/0001-01",2021-01-01,105084,1,"PN",16425532.2580645
"885","09.146.451/0001-06",2021-01-01,104771,3,"PN",0
"886","09.149.503/0001-06",2021-01-01,105088,1,"PN",0
"887","09.229.201/0001-30",2021-01-01,104510,3,"PN",0
"888","09.257.877/0001-37",2021-01-01,104812,1,"PN",0
"889","09.288.252/0001-32",2021-01-01,105417,1,"PN",0
"890","09.295.063/0001-97",2021-01-01,105555,1,"PN",0
"891","09.304.427/0001-58",2021-01-01,105341,1,"PN",0
"892","09.305.994/0001-29",2021-01-01,104952,1,"PN",331644723.965383
"893","09.313.969/0001-97",2021-01-01,104969,1,"PN",0
"894","09.324.949/0001-11",2021-01-01,104945,1,"PN",0
"895","09.325.109/0001-73",2021-01-01,104966,1,"PN",0
"896","09.326.342/0001-70",2021-01-01,104963,1,"PN",0
"897","09.336.431/0001-06",2021-01-01,104965,1,"PN",0
"898","09.346.601/0001-25",2021-01-01,105817,3,"PN",0
"899","09.347.516/0001-81",2021-01-01,105783,2,"PN",0
"900","09.391.823/0001-60",2021-01-01,105436,1,"PN",0
"901","09.414.761/0001-64",2021-01-01,105618,1,"PN",0
"902","09.611.768/0001-76",2021-01-01,105845,2,"PN",0
"903","09.625.321/0001-56",2021-01-01,105552,1,"PN",0
"904","09.813.204/0001-16",2021-01-01,104739,3,"PN",0
"905","10.139.870/0001-08",2021-01-01,105349,1,"PN",0
"906","10.215.988/0001-60",2021-01-01,105537,1,"PN",0
"907","10.234.027/0001-00",2021-01-01,105985,3,"PN",0
"908","10.240.186/0001-00",2021-01-01,105984,3,"PN",0
"909","10.285.590/0001-08",2021-01-01,105990,2,"PN",0
"910","10.324.624/0001-18",2021-01-01,105370,1,"PN",0
"911","10.338.320/0001-00",2021-01-01,105067,3,"PN",0
"912","10.488.244/0001-19",2021-01-01,105307,1,"PN",0
"913","10.502.676/0001-37",2021-01-01,105306,1,"PN",0
"914","10.531.501/0001-58",2021-01-01,105872,2,"PN",8188484618
"915","10.571.175/0001-02",2021-01-01,105241,1,"PN",0
"916","10.608.405/0001-60",2021-01-01,104981,7,"PN",0
"917","10.629.105/0001-68",2021-01-01,105524,1,"PN",0
"918","10.635.691/0001-53",2021-01-01,105321,1,"PN",4.99e+08
"919","10.647.979/0001-48",2021-01-01,105868,2,"PN",0
"920","10.670.314/0001-55",2021-01-01,105124,1,"PN",0
"921","10.739.356/0001-03",2021-01-01,106048,4,"PN",113750333.333333
"922","10.753.164/0001-43",2021-01-01,105761,3,"PN",0
"923","10.760.260/0001-19",2021-01-01,105936,2,"PN",0
"924","10.807.374/0001-77",2021-01-01,105848,5,"PN",0
"925","10.835.932/0001-08",2021-01-01,104713,2,"PN",8310132.82732448
"926","10.841.050/0001-55",2021-01-01,105948,2,"PN",0
"927","10.851.805/0001-00",2021-01-01,105609,1,"PN",0
"928","11.257.352/0001-43",2021-01-01,104970,1,"PN",0
"929","11.274.829/0001-07",2021-01-01,105228,1,"PN",0
"930","11.284.204/0001-18",2021-01-01,105095,1,"PN",0
"931","11.421.994/0001-36",2021-01-01,105706,2,"PN",0
"932","11.669.021/0001-10",2021-01-01,105075,1,"PN",0
"933","11.716.471/0001-17",2021-01-01,105389,1,"PN",0
"934","11.721.921/0001-60",2021-01-01,105921,2,"PN",0
"935","11.725.176/0001-27",2021-01-01,105544,1,"PN",0
"936","11.992.680/0001-93",2021-01-01,105390,1,"PN",0
"937","12.049.631/0001-84",2021-01-01,105929,2,"PN",0
"938","12.091.809/0001-55",2021-01-01,105960,6,"PN",0
"939","12.108.897/0001-50",2021-01-01,105928,2,"PN",0
"940","12.130.744/0001-00",2021-01-01,105114,1,"PN",0
"941","12.139.922/0001-63",2021-01-01,105068,1,"PN",0
"942","12.181.987/0001-77",2021-01-01,105138,1,"PN",0
"943","12.261.588/0001-16",2021-01-01,104740,1,"PN",0
"944","12.300.288/0001-07",2021-01-01,106034,2,"PN",0
"945","12.320.349/0001-90",2021-01-01,104890,1,"PN",0
"946","12.420.164/0001-57",2021-01-01,106046,4,"PN",0
"947","12.489.315/0001-23",2021-01-01,105086,1,"PN",0
"948","12.528.708/0001-07",2021-01-01,105279,1,"PN",0
"949","12.648.266/0001-24",2021-01-01,105966,2,"PN",0
"950","12.648.327/0001-53",2021-01-01,105550,1,"PN",0
"951","12.919.786/0001-24",2021-01-01,105185,1,"PN",0
"952","12.979.898/0001-70",2021-01-01,105467,1,"PN",0
"953","13.009.717/0001-46",2021-01-01,105064,1,"PN",7642774.98202732
"954","13.017.462/0001-63",2021-01-01,106011,2,"PN",0
"955","13.217.485/0001-11",2021-01-01,105635,1,"PN",0
"956","13.270.520/0001-66",2021-01-01,104841,3,"PN",0
"957","13.349.677/0001-81",2021-01-01,105671,1,"PN",0
"958","13.444.994/0001-87",2021-01-01,106042,2,"PN",0
"959","13.457.942/0001-45",2021-01-01,105679,1,"PN",0
"960","13.483.537/0001-00",2021-01-01,104989,1,"PN",0
"961","13.574.594/0001-96",2021-01-01,105217,2,"PN",0
"962","13.584.310/0001-42",2021-01-01,105633,1,"PN",0
"963","14.110.585/0001-07",2021-01-01,105213,1,"PN",0
"964","14.127.813/0001-51",2021-01-01,104782,3,"PN",0
"965","14.308.514/0001-13",2021-01-01,105562,1,"PN",31387.9997016315
"966","14.333.683/0001-03",2021-01-01,104818,1,"PN",0
"967","14.388.334/0001-99",2021-01-01,105753,2,"PN",0
"968","14.776.142/0001-50",2021-01-01,105606,1,"PN",0
"969","14.785.152/0001-51",2021-01-01,105194,1,"PN",0
"970","14.807.945/0001-24",2021-01-01,105420,1,"PN",7716979.40503433
"971","14.876.090/0001-93",2021-01-01,104943,2,"PN",0
"972","14.882.295/0001-81",2021-01-01,104150,2,"PN",0
"973","14.998.371/0001-19",2021-01-01,104960,1,"PN",8692854
"974","15.073.274/0001-88",2021-01-01,105478,1,"PN",2814666
"975","15.101.405/0001-93",2021-01-01,103043,1,"PN",15338.7533875339
"976","15.115.504/0001-24",2021-01-01,105219,1,"PN",29015921.5384615
"977","15.139.629/0001-94",2021-01-01,104714,2,"PN",109072142.857143
"978","15.141.799/0001-03",2021-01-01,105534,1,"PN",58880000.1032008
"979","15.144.017/0001-90",2021-01-01,105708,2,"PN",3840027.35510344
"980","15.229.110/0001-05",2021-01-01,105008,1,"PN",0
"981","15.377.572/0001-61",2021-01-01,105239,1,"PN",0
"982","15.413.826/0001-50",2021-01-01,106002,2,"PN",0
"983","15.484.093/0001-44",2021-01-01,105949,3,"PN",0
"984","15.494.541/0001-90",2021-01-01,105579,1,"PN",0
"985","15.527.906/0001-36",2021-01-01,97977,1,"PN",0
"986","15.527.906/0001-36",2021-03-31,103633,5,"PN",0
"987","15.578.569/0001-06",2021-01-01,106030,4,"PN",0
"988","15.688.041/0001-90",2021-01-01,105259,1,"PN",0
"989","16.233.389/0001-55",2021-01-01,105584,1,"PN",22628786.8852459
"990","16.234.171/0001-15",2021-01-01,105765,2,"PN",294356097.634022
"991","16.404.287/0001-55",2021-01-01,105059,1,"PN",0
"992","16.590.234/0001-76",2021-01-01,105253,1,"PN",0
"993","16.614.075/0001-00",2021-01-01,105927,2,"PN",0
"994","16.670.085/0001-55",2021-01-01,103603,4,"PN",0
"995","16.676.520/0001-59",2021-01-01,104745,4,"PN",0
"996","16.811.931/0001-00",2021-01-01,105910,2,"PN",0
"997","16.922.038/0001-51",2021-01-01,105300,1,"PN",0
"998","17.155.730/0001-64",2021-01-01,106032,3,"PN",1127291240.38851
"999","17.161.241/0001-15",2021-01-01,103287,1,"PN",22421.9653179191
"1000","17.162.082/0001-73",2021-01-01,104557,1,"PN",10309387.1362854
"1001","17.167.396/0001-69",2021-01-01,105233,1,"PN",38670637.1296972
"1002","17.167.412/0001-13",2021-01-01,106039,3,"PN",44206287.3772746
"1003","17.184.037/0001-10",2021-01-01,105844,2,"PN",19837345.971564
"1004","17.193.806/0001-46",2021-01-01,105232,1,"PN",33251455.9329623
"1005","17.234.244/0001-31",2021-01-01,104990,1,"PN",0
"1006","17.245.234/0001-00",2021-01-01,104910,1,"PN",4293023.81223653
"1007","17.281.106/0001-03",2021-01-01,105978,4,"PN",0
"1008","17.314.329/0001-20",2021-01-01,105862,2,"PN",0
"1009","17.344.597/0001-94",2021-01-01,106036,2,"PN",0
"1010","18.174.270/0001-84",2021-01-01,105879,7,"PN",0
"1011","18.328.118/0001-09",2021-01-01,105525,1,"PN",0
"1012","18.483.666/0001-03",2021-01-01,105972,3,"PN",0
"1013","18.494.485/0001-82",2021-01-01,105102,1,"PN",0
"1014","18.572.225/0001-88",2021-01-01,105428,1,"PN",0
"1015","18.593.815/0001-97",2021-01-01,105839,3,"PN",0
"1016","19.208.022/0001-70",2021-01-01,105951,2,"PN",0
"1017","19.276.528/0001-16",2021-01-01,105453,1,"PN",0
"1018","19.296.342/0001-29",2021-01-01,105980,2,"PN",0
"1019","19.378.769/0001-76",2021-01-01,105143,1,"PN",0
"1020","19.403.252/0001-90",2021-01-01,104690,2,"PN",0
"1021","19.521.322/0001-04",2021-01-01,105543,1,"PN",0
"1022","19.526.748/0001-50",2021-01-01,104905,1,"PN",1108.99873257288
"1023","19.527.586/0001-75",2021-01-01,105339,1,"PN",0
"1024","19.527.639/0001-58",2021-01-01,105995,2,"PN",0
"1025","19.642.306/0001-70",2021-01-01,105305,1,"PN",0
"1026","19.726.048/0001-00",2021-01-01,105506,1,"PN",0
"1027","19.851.496/0001-35",2021-01-01,104807,1,"PN",0
"1028","19.853.511/0001-84",2021-01-01,105225,1,"PN",0
"1029","20.247.322/0001-47",2021-01-01,105849,5,"PN",0
"1030","20.258.278/0001-70",2021-01-01,102931,1,"PN",0
"1031","20.451.953/0001-83",2021-01-01,103743,1,"PN",0
"1032","20.646.442/0001-17",2021-01-01,104688,1,"PN",0
"1033","21.240.146/0001-84",2021-01-01,105426,1,"PN",0
"1034","21.255.567/0001-89",2021-01-01,104767,1,"PN",73281406.6016504
"1035","21.262.638/0001-70",2021-01-01,104858,1,"PN",0
"1036","21.314.559/0001-66",2021-01-01,106004,2,"PN",0
"1037","21.389.501/0001-81",2021-01-01,105400,1,"PN",0
"1038","21.414.457/0001-12",2021-01-01,105214,1,"PN",0
"1039","21.610.416/0001-00",2021-01-01,105037,1,"PN",0
"1040","21.948.105/0001-47",2021-01-01,105489,1,"PN",0
"1041","21.976.484/0001-89",2021-01-01,104862,1,"PN",0
"1042","21.976.510/0001-79",2021-01-01,105492,1,"PN",0
"1043","22.163.297/0001-49",2021-01-01,105950,2,"PN",0
"1044","22.266.175/0001-88",2021-01-01,105201,1,"PN",0
"1045","22.495.265/0001-40",2021-01-01,105159,1,"PN",0
"1046","22.543.331/0001-00",2021-01-01,105988,5,"PN",0
"1047","22.677.520/0001-76",2021-01-01,104770,1,"PN",16724057.0762959
"1048","23.096.269/0001-19",2021-01-01,105956,2,"PN",0
"1049","23.236.821/0001-27",2021-01-01,105482,1,"PN",0
"1050","23.373.000/0001-32",2021-01-01,105366,1,"PN",0
"1051","23.438.929/0001-00",2021-01-01,105493,1,"PN",0
"1052","24.230.275/0001-80",2021-01-01,106009,2,"PN",0
"1053","24.396.489/0001-20",2021-01-01,105571,1,"PN",0
"1054","24.624.490/0001-65",2021-01-01,105454,1,"PN",0
"1055","24.624.551/0001-94",2021-01-01,105447,1,"PN",0
"1056","24.962.466/0001-36",2021-01-01,105682,1,"PN",1189412340.94211
"1057","24.990.777/0001-09",2021-01-01,105500,1,"PN",0
"1058","25.005.683/0001-09",2021-01-01,104853,1,"PN",0
"1059","25.089.509/0001-83",2021-01-01,105380,1,"PN",5e+05
"1060","25.249.439/0001-83",2021-01-01,103214,2,"PN",0
"1061","26.462.693/0001-28",2021-01-01,105864,2,"PN",0
"1062","26.609.050/0001-64",2021-01-01,105181,1,"PN",0
"1063","26.659.061/0001-59",2021-01-01,105135,1,"PN",0
"1064","26.664.057/0001-89",2021-01-01,104830,1,"PN",0
"1065","26.735.020/0001-02",2021-01-01,105401,1,"PN",0
"1066","26.845.702/0001-60",2021-01-01,105604,1,"PN",0
"1067","27.093.558/0001-15",2021-01-01,105096,1,"PN",0
"1068","27.137.879/0001-74",2021-01-01,104887,1,"PN",0
"1069","27.157.474/0001-06",2021-01-01,104915,1,"PN",0
"1070","27.956.690/0001-03",2021-01-01,105019,1,"PN",0
"1071","27.967.244/0001-02",2021-01-01,105610,1,"PN",0
"1072","28.019.100/0001-89",2021-01-01,105218,1,"PN",0
"1073","28.127.603/0001-78",2021-01-01,105205,1,"PN",84583590.9911415
"1074","28.152.650/0001-71",2021-01-01,105892,2,"PN",0
"1075","28.195.667/0001-06",2021-01-01,105032,1,"PN",112644643.31776
"1076","28.201.130/0001-01",2021-01-01,106037,2,"PN",0
"1077","28.442.718/0001-57",2021-01-01,105480,1,"PN",0
"1078","28.925.264/0001-75",2021-01-01,105234,1,"PN",0
"1079","28.942.127/0001-49",2021-01-01,105236,1,"PN",0
"1080","29.088.092/0001-95",2021-01-01,105532,1,"PN",0
"1081","29.780.061/0001-09",2021-01-01,105479,1,"PN",0
"1082","29.894.663/0001-89",2021-01-01,105117,1,"PN",0
"1083","29.950.060/0001-57",2021-01-01,104909,1,"PN",0
"1084","29.978.814/0001-87",2021-01-01,105815,2,"PN",637192282.794721
"1085","30.213.493/0001-09",2021-01-01,104126,2,"PN",0
"1086","30.219.233/0001-40",2021-01-01,104892,1,"PN",0
"1087","30.306.294/0001-45",2021-01-01,105850,5,"PN",1067704530.96818
"1088","30.418.658/0001-89",2021-01-01,105017,1,"PN",0
"1089","30.540.991/0001-66",2021-01-01,103566,2,"PN",7933333.06660292
"1090","30.545.324/0001-76",2021-12-31,105179,1,"PN",0
"1091","30.723.886/0001-62",2021-01-01,103334,2,"PN",291632957.858997
"1092","30.788.149/0001-48",2021-01-01,104985,1,"PN",0
"1093","31.001.230/0001-07",2021-01-01,105083,1,"PN",0
"1094","31.468.139/0001-98",2021-01-01,104692,1,"PN",0
"1095","31.553.627/0001-01",2021-01-01,105535,1,"PN",0
"1096","31.701.408/0001-14",2021-01-01,103908,2,"PN",0
"1097","31.907.982/0001-23",2021-01-01,105014,1,"PN",0
"1098","32.161.500/0001-00",2021-01-01,105169,1,"PN",0
"1099","32.372.085/0001-25",2021-01-01,105355,1,"PN",0
"1100","32.681.371/0001-72",2021-01-01,105123,1,"PN",0
"1101","32.770.457/0001-71",2021-01-01,105002,1,"PN",0
"1102","32.785.497/0001-97",2021-01-01,105457,1,"PN",0
"1103","33.000.167/0001-01",2021-01-01,105852,2,"PN",5602042798.05512
"1104","33.014.556/0001-96",2021-01-01,105521,1,"PN",1225996799.48563
"1105","33.035.536/0001-00",2021-01-01,105210,1,"PN",0
"1106","33.040.601/0001-87",2021-01-01,105605,1,"PN",7829122.67080745
"1107","33.041.260/0652-90",2021-01-01,105775,2,"PN",0
"1108","33.042.730/0001-04",2021-01-01,105989,2,"PN",0
"1109","33.050.071/0001-58",2021-01-01,105883,3,"PN",0
"1110","33.050.196/0001-88",2021-01-01,104861,1,"PN",0
"1111","33.102.476/0001-92",2021-01-01,105619,1,"PN",0
"1112","33.111.246/0001-90",2021-01-01,105779,1,"PN",0
"1113","33.113.309/0001-47",2021-01-01,105568,1,"PN",0
"1114","33.200.049/0001-47",2021-01-01,104551,1,"PN",7894494.01680566
"1115","33.228.024/0001-51",2021-01-01,105483,1,"PN",19843330.9361648
"1116","33.256.439/0001-39",2021-01-01,105139,1,"PN",0
"1117","33.352.394/0001-04",2021-01-01,105970,2,"PN",0
"1118","33.376.989/0001-91",2021-01-01,105078,1,"PN",0
"1119","33.386.210/0001-19",2021-01-01,105721,2,"PN",1601755.10204082
"1120","33.412.081/0001-96",2021-01-01,105331,1,"PN",0
"1121","33.453.598/0001-23",2021-03-31,105411,2,"PN",0
"1122","33.467.572/0001-34",2021-01-01,105085,1,"PN",1360708.97759846
"1123","33.541.368/0001-16",2021-01-01,105487,1,"PN",1753814.19250264
"1124","33.592.510/0001-54",2021-01-01,105772,3,"PN",0
"1125","33.611.500/0001-19",2021-01-01,105953,2,"PN",1115670156.97792
"1126","33.679.797/0001-54",2021-01-01,105154,1,"PN",0
"1127","33.839.910/0001-11",2021-01-01,106031,4,"PN",0
"1128","33.938.119/0001-69",2021-01-01,105450,1,"PN",0
"1129","33.958.695/0001-78",2021-01-01,105975,3,"PN",94432872.1110382
"1130","34.169.557/0001-72",2021-01-01,105820,2,"PN",710150.819672131
"1131","34.274.233/0001-02",2021-01-01,106022,2,"PN",0
"1132","34.469.625/0001-19",2021-01-01,105042,1,"PN",0
"1133","35.082.277/0001-95",2021-01-01,105186,2,"PN",0
"1134","35.502.310/0001-99",2021-01-01,105594,1,"PN",0
"1135","35.727.157/0001-06",2021-01-01,105431,1,"PN",0
"1136","35.791.391/0001-94",2021-01-01,105805,2,"PN",0
"1137","36.243.187/0001-00",2021-01-01,103587,1,"PN",0
"1138","36.542.025/0001-64",2021-01-01,105585,2,"PN",0
"1139","37.368.315/0001-04",2021-01-01,105020,1,"PN",0
"1140","37.592.100/0001-64",2021-01-01,105150,1,"PN",0
"1141","37.663.076/0001-07",2021-01-01,105904,2,"PN",0
"1142","38.042.694/0001-00",2021-01-01,105461,1,"PN",0
"1143","38.199.406/0001-18",2021-01-01,103151,2,"PN",0
"1144","38.307.135/0001-77",2021-01-01,104205,2,"PN",0
"1145","38.456.921/0001-36",2021-01-01,105909,7,"PN",0
"1146","39.115.514/0001-28",2021-01-01,105684,1,"PN",0
"1147","39.393.829/0001-37",2021-01-01,105397,1,"PN",0
"1148","40.159.947/0001-64",2021-01-01,105999,6,"PN",0
"1149","42.150.391/0001-70",2021-01-01,105531,1,"PN",345548117.449271
"1150","42.278.291/0001-24",2021-01-01,105749,2,"PN",0
"1151","42.278.473/0001-03",2021-01-01,105077,1,"PN",0
"1152","42.331.462/0001-31",2021-01-01,105176,1,"PN",0
"1153","42.771.949/0001-35",2021-01-01,105810,2,"PN",0
"1154","43.185.362/0001-07",2021-01-01,105340,1,"PN",0
"1155","43.283.811/0001-50",2021-01-01,105333,1,"PN",0
"1156","43.470.988/0001-65",2021-01-01,105151,1,"PN",0
"1157","43.776.517/0001-80",2021-01-01,105654,1,"PN",0
"1158","45.242.914/0001-05",2021-01-01,105961,2,"PN",0
"1159","45.365.558/0001-09",2021-01-01,103168,2,"PN",0
"1160","45.453.214/0001-51",2021-01-01,105192,1,"PN",0
"1161","45.987.245/0001-92",2021-01-01,106017,2,"PN",0
"1162","46.119.855/0001-37",2021-01-01,104900,2,"PN",0
"1163","47.508.411/0001-56",2021-01-01,105877,2,"PN",0
"1164","47.509.120/0001-82",2021-01-01,105963,3,"PN",0
"1165","47.960.950/0001-21",2021-01-01,105494,1,"PN",0
"1166","49.263.189/0001-02",2021-01-01,105449,1,"PN",0
"1167","49.669.856/0001-43",2021-01-01,106018,2,"PN",0
"1168","50.564.053/0001-03",2021-01-01,105554,1,"PN",122894401.747922
"1169","50.746.577/0001-15",2021-01-01,105808,2,"PN",0
"1170","50.926.955/0001-42",2021-01-01,105045,1,"PN",0
"1171","51.128.999/0001-90",2021-01-01,105053,1,"PN",0
"1172","51.218.147/0001-93",2021-01-01,105049,1,"PN",0
"1173","51.466.860/0001-56",2021-03-31,99090,2,"PN",0
"1174","51.928.174/0001-50",2021-01-01,105255,2,"PN",0
"1175","52.548.435/0001-79",2021-01-01,105632,1,"PN",0
"1176","53.113.791/0001-22",2021-01-01,105549,1,"PN",0
"1177","56.444.250/0001-75",2021-01-01,104676,1,"PN",0
"1178","56.643.018/0001-66",2021-01-01,105459,1,"PN",61362615.8723218
"1179","56.720.428/0001-63",2021-01-01,105265,1,"PN",0
"1180","56.992.423/0001-90",2021-01-01,104737,1,"PN",0
"1181","58.119.199/0001-51",2021-01-01,105118,1,"PN",0
"1182","58.430.828/0001-60",2021-01-01,104804,12,"PN",0
"1183","59.105.999/0001-86",2021-01-01,106006,2,"PN",474624907.407407
"1184","59.285.411/0001-13",2021-01-01,105917,7,"PN",547495481.996357
"1185","59.418.806/0001-47",2021-01-01,105396,1,"PN",71995226.9710645
"1186","59.789.545/0001-71",2021-01-01,105197,1,"PN",0
"1187","59.981.829/0001-65",2021-01-01,103652,2,"PN",0
"1188","60.398.369/0004-79",2021-01-01,105367,1,"PN",0
"1189","60.444.437/0001-46",2021-01-01,105933,11,"PN",0
"1190","60.476.884/0001-87",2021-01-01,105160,1,"PN",0
"1191","60.500.139/0001-26",2021-01-01,105261,1,"PN",25870574.6479707
"1192","60.537.263/0001-66",2021-01-01,105462,1,"PN",0
"1193","60.543.816/0001-93",2021-01-01,105371,1,"PN",0
"1194","60.637.238/0001-54",2021-01-01,105157,2,"PN",3346095
"1195","60.651.809/0001-05",2021-01-01,105541,1,"PN",0
"1196","60.730.348/0001-66",2021-01-01,105510,1,"PN",773349.691021447
"1197","60.746.948/0001-12",2021-01-01,105962,3,"PN",4848500332.49229
"1198","60.770.336/0001-65",2021-01-01,106040,3,"PN",35118455.4485663
"1199","60.840.055/0001-31",2021-01-01,105842,2,"PN",0
"1200","60.851.615/0001-53",2021-01-01,105264,1,"PN",992805.762704976
"1201","60.872.504/0001-23",2021-01-01,105867,3,"PN",4845844970.28161
"1202","60.884.319/0001-59",2021-01-01,105561,1,"PN",0
"1203","60.894.730/0001-05",2021-01-01,106033,2,"PN",547836219.667944
"1204","60.933.603/0001-78",2021-01-01,105258,2,"PN",327502674.070244
"1205","61.022.042/0001-18",2021-01-01,105588,1,"PN",248036.204059243
"1206","61.065.298/0001-02",2021-01-01,105385,1,"PN",3715938.26823272
"1207","61.065.751/0001-80",2021-01-01,105622,1,"PN",0
"1208","61.079.117/0001-05",2021-01-01,105212,1,"PN",286051534.134849
"1209","61.080.313/0001-91",2021-01-01,103765,1,"PN",62280750.0448257
"1210","61.082.004/0001-50",2021-01-01,105855,2,"PN",538900.000622016
"1211","61.088.894/0001-08",2021-01-01,104962,1,"PN",0
"1212","61.092.037/0001-81",2021-01-01,105944,3,"PN",0
"1213","61.156.113/0001-75",2021-01-01,105303,1,"PN",0
"1214","61.156.931/0001-78",2021-01-01,105922,3,"PN",12345.5233291299
"1215","61.186.680/0001-74",2021-01-01,106029,2,"PN",184536248.550978
"1216","61.189.288/0001-89",2021-01-01,105275,2,"PN",0
"1217","61.351.532/0001-68",2021-01-01,105821,3,"PN",13200013.0617958
"1218","61.374.161/0001-30",2021-01-01,105399,1,"PN",4900054.64480874
"1219","61.486.650/0001-83",2021-01-01,105722,5,"PN",0
"1220","61.532.644/0001-15",2021-01-01,105958,2,"PN",5520985921.08963
"1221","61.584.140/0001-49",2021-01-01,105590,1,"PN",0
"1222","61.585.865/0001-51",2021-01-01,105352,1,"PN",0
"1223","61.695.227/0001-93",2021-01-01,105664,1,"PN",0
"1224","61.856.571/0001-17",2021-01-01,105393,1,"PN",28699264.7058824
"1225","62.002.886/0001-60",2021-01-01,105164,1,"PN",8543894.39153708
"1226","62.144.175/0001-20",2021-01-01,105424,1,"PN",72579922.4266944
"1227","62.232.889/0001-90",2021-01-01,105296,2,"PN",0
"1228","62.307.848/0001-15",2021-01-01,105183,1,"PN",0
"1229","62.984.091/0001-02",2021-01-01,105869,2,"PN",0
"1230","64.904.295/0001-03",2021-02-28,102755,6,"PN",0
"1231","65.654.303/0001-73",2021-01-01,105865,2,"PN",0
"1232","67.010.660/0001-24",2021-01-01,105126,1,"PN",0
"1233","67.571.414/0001-41",2021-01-01,105269,1,"PN",0
"1234","67.620.377/0001-14",2021-01-01,105350,1,"PN",0
"1235","71.208.516/0001-74",2021-01-01,105468,1,"PN",0
"1236","71.476.527/0001-35",2021-01-01,105513,1,"PN",0
"1237","71.673.990/0001-77",2021-01-01,105847,2,"PN",0
"1238","73.178.600/0001-18",2021-01-01,106041,3,"PN",0
"1239","73.903.718/0001-61",2021-01-01,105166,1,"PN",0
"1240","75.315.333/0001-09",2021-01-01,104939,1,"PN",0
"1241","75.609.123/0001-23",2021-01-01,105915,2,"PN",0
"1242","76.483.817/0001-20",2021-01-01,105918,2,"PN",1682463295.00197
"1243","76.484.013/0001-45",2021-01-01,106001,2,"PN",1007469764.46976
"1244","76.535.764/0001-43",2021-01-01,105914,2,"PN",157727771.089822
"1245","78.876.950/0001-71",2021-01-01,105030,1,"PN",0
"1246","79.430.682/0001-22",2021-01-01,105287,1,"PN",0
"1247","80.227.184/0001-66",2021-01-01,103874,1,"PN",160896.004281333
"1248","81.243.735/0001-48",2021-01-01,105638,1,"PN",0
"1249","82.508.433/0001-17",2021-01-01,105009,1,"PN",399979495.591552
"1250","82.636.986/0001-55",2021-01-01,105329,1,"PN",0
"1251","82.640.558/0001-04",2021-01-01,105665,1,"PN",3328571.42857143
"1252","82.643.537/0001-34",2021-01-01,104637,2,"PN",22499999.8676471
"1253","82.901.000/0001-27",2021-01-01,105507,1,"PN",0
"1254","82.982.075/0001-80",2021-01-01,105226,1,"PN",2802677
"1255","83.475.913/0001-91",2021-01-01,105518,1,"PN",0
"1256","83.878.892/0001-55",2021-01-01,104957,1,"PN",23045187.9167509
"1257","84.429.695/0001-11",2021-01-01,105146,1,"PN",0
"1258","84.683.374/0001-49",2021-01-01,105814,2,"PN",0
"1259","84.683.408/0001-03",2021-01-01,105257,1,"PN",21177464.9686915
"1260","84.683.671/0001-94",2021-01-01,105335,1,"PN",1372002.00703007
"1261","84.693.183/0001-68",2021-01-01,104643,1,"PN",102341007.412528
"1262","85.041.333/0001-11",2021-01-01,103340,2,"PN",231387039.452752
"1263","85.778.074/0001-06",2021-01-01,105119,1,"PN",240000.001372428
"1264","86.375.425/0001-09",2021-01-01,104647,1,"PN",4925030.84415584
"1265","86.550.951/0001-50",2021-01-01,105202,1,"PN",0
"1266","87.043.832/0001-73",2021-01-01,105955,2,"PN",432672
"1267","87.456.562/0001-22",2021-01-01,105784,2,"PN",131367.195342301
"1268","87.762.563/0001-03",2021-01-01,105977,2,"PN",5950344.42008366
"1269","88.610.126/0001-29",2021-01-01,105926,2,"PN",0
"1270","88.610.191/0001-54",2021-01-01,105360,1,"PN",0
"1271","88.611.835/0001-29",2021-01-01,105242,1,"PN",605280429.734129
"1272","88.613.658/0001-10",2021-06-30,98944,1,"PN",32029564.0477857
"1273","89.086.144/0001-16",2021-01-01,105994,2,"PN",229257616.159009
"1274","89.096.457/0001-55",2021-01-01,105294,1,"PN",0
"1275","89.463.822/0001-12",2021-01-01,106008,2,"PN",0
"1276","89.637.490/0001-45",2021-01-01,105965,3,"PN",3536295768.81253
"1277","89.723.993/0001-33",2021-01-01,105191,1,"PN",5110279.98048881
"1278","89.850.341/0001-60",2021-01-01,105271,1,"PN",0
"1279","90.400.888/0001-42",2021-01-01,105857,2,"PN",3679870062.19374
"1280","90.441.460/0001-48",2021-01-01,104934,1,"PN",0
"1281","91.333.666/0001-17",2021-01-01,104987,1,"PN",75822565.7993683
"1282","91.495.499/0001-00",2021-01-01,104842,1,"PN",0
"1283","91.669.747/0001-92",2021-01-01,104746,1,"PN",0
"1284","91.983.056/0001-69",2021-01-01,104906,1,"PN",0
"1285","92.012.467/0001-70",2021-01-01,105840,2,"PN",11463167.699348
"1286","92.660.570/0001-26",2021-01-01,105243,1,"PN",2898000.39509208
"1287","92.665.611/0001-77",2021-01-01,105645,2,"PN",13485690.9100206
"1288","92.690.783/0001-09",2021-01-01,105954,2,"PN",789190010.17179
"1289","92.693.019/0001-89",2021-01-01,104940,1,"PN",782694.995294566
"1290","92.702.067/0001-96",2021-01-01,105946,2,"PN",203919319.413772
"1291","92.715.812/0001-31",2021-01-01,105902,3,"PN",164009.462452184
"1292","92.721.232/0001-57",2021-01-01,103347,2,"PN",0
"1293","92.749.225/0001-63",2021-01-01,105697,2,"PN",338800.826240591
"1294","92.754.738/0001-62",2021-01-01,105573,4,"PN",0
"1295","92.781.335/0001-02",2021-01-01,105231,1,"PN",53721895.9827017
"1296","92.791.243/0001-03",2021-01-01,105773,2,"PN",0
"1297","92.802.784/0001-90",2021-01-01,105539,1,"PN",0
"1298","92.934.215/0001-06",2021-01-01,106026,2,"PN",0
"1299","93.828.986/0001-73",2021-01-01,105741,2,"PN",35693.0000324286
"1300","95.426.862/0001-97",2021-01-01,105427,1,"PN",2375296.43645538
"1301","96.298.013/0001-68",2021-01-01,105716,2,"PN",0
"1302","96.418.264/0218-02",2021-01-01,105326,1,"PN",0
"1303","97.191.902/0001-94",2021-01-01,105276,1,"PN",1429084.85856905
"1304","97.837.181/0001-47",2021-01-01,105623,1,"PN",0
