CNPJ_Companhia;Data_Referencia;Versao;ID_Documento;Sigla_Classe_Acoes_Preferenciais;Classe_Acoes_Preferenciais;Quantidade_Acoes_Preferenciais_Circulacao;Percentual_Acoes_Preferenciais_Circulacao
01.468.594/0001-22;2021-01-01;2;102754;PNA;Preferencial Classe A;0;0.000000
01.599.101/0001-93;2021-01-01;1;102665;PNA;Preferencial Classe A;0;0.000000
02.105.040/0001-23;2021-12-31;1;100560;PNA;Preferencial Classe A;246;0.590651
04.149.454/0001-80;2021-01-01;3;102431;PNA;Preferencial Classe A;0;0.000000
09.041.168/0001-10;2021-01-01;3;102624;PNA;Preferencial Classe A;0;0.000000
12.091.809/0001-55;2021-01-01;2;102493;PNA;Preferencial Classe A;0;0.000000
16.670.085/0001-55;2021-01-01;2;102211;PNA;Preferencial Classe A;0;0.000000
30.540.991/0001-66;2021-01-01;1;102253;PNA;Preferencial Classe A;0;0.000000
82.643.537/0001-34;2021-01-01;1;102342;PNA;Preferencial Classe A;12750000;56.666667
88.613.658/0001-10;2021-06-30;1;98944;PNA;Preferencial Classe A;31585060;100.000000
